,Last_Q_Net,Prev_Q_Net
0,26.02,51.01
1,,
2,15.58,20.61
3,-0.22,-0.21
4,,
5,-1.81,-1.97
6,22.29,-1.04
7,10.15,6.57
8,,
9,-9.76,-6.18
10,-17.39,-11.07
11,,
12,-0.51,-0.66
13,-4.69,-3.18
14,,-3.50
15,-24.57,-16.27
16,110.65,35.88
17,,
18,19.14,23.77
19,-4.45,-14.11
20,,
21,,
22,35.53,25.52
23,,
24,-5.09,-0.16
25,,
26,,
27,8.28,8.92
28,-32.61,-31.39
29,-12.00,-7.66
30,-87.09,-4.41
31,-21.38,-2.32
32,,
33,,
34,,
35,,
36,,
37,38.35,6.15
38,66.13,44.51
39,-8.99,-21.67
40,,
41,,
42,,
43,,
44,,
45,-8.38,-9.85
46,-3.27,-3.07
47,,
48,,
49,-0.24,-0.35
50,-21.15,-18.16
51,-27.07,-22.86
52,,
53,639.00,876.00
54,,
55,-4.64,-4.00
56,-60.38,-44.67
57,-12.36,-9.31
58,-55.90,-49.30
59,-71.55,-72.57
60,-0.42,-0.12
61,-4.32,-4.44
62,-17.71,-18.91
63,,
64,,
65,24.25,16.59
66,,
67,,
68,23.31,6.12
69,-3.33,-5.11
70,-38.36,-44.33
71,-20.31,-6.83
72,-17.60,-10.56
73,,
74,-39.69,-38.69
75,,
76,,
77,,
78,-2.01,-2.10
79,-17.09,-18.75
80,-306.62,-153.21
81,53.03,17.24
82,178.55,-83.29
83,,
84,-4.99,0.93
85,-88.77,-86.22
86,-1.82,-1.21
87,-32.26,-21.62
88,,
89,,
90,,
91,,
92,-3.07,-2.61
93,,
94,-59.54,-83.04
95,-24.33,-28.93
96,-12.85,-10.12
97,,
98,,
99,13.54,14.74
100,,
101,57.09,-36.42
102,-15.79,-14.94
103,17.50,17.50
104,288.20,203.60
105,180.97,199.71
106,-33.12,-29.82
107,,
108,-11.22,-11.38
109,-0.05,-1.35
110,-62.73,-57.21
111,,
112,,
113,-12.69,-13.97
114,,
115,74.30,-2.94
116,-0.98,1.55
117,-45.51,-37.59
118,,
119,16.18,21.93
120,,
121,,
122,,
123,,
124,23.42,19.54
125,"18,936.00","18,525.00"
126,-43.03,-38.20
127,,
128,-7.11,-66.65
129,,
130,-8.11,-13.65
131,-6.75,-5.54
132,-33.51,-24.83
133,-18.27,-18.48
134,-3.13,8.39
135,,
136,5.24,11.66
137,"3,156.00","7,778.00"
138,0.76,-7.16
139,,
140,45.01,80.15
141,,
142,409.90,345.18
143,17.11,17.13
144,169.00,19.00
145,,
146,,
147,,
148,,
149,51.05,227.98
150,4.58,3.46
151,,
152,,
153,3.31,2.95
154,94.60,66.00
155,2.03,2.98
156,,
157,9.12,9.13
158,"1,884.00",464.00
159,-50.29,-51.23
160,180.85,125.81
161,-0.59,-0.47
162,,
163,-32.94,15.38
164,,
165,,
166,,
167,15.74,43.50
168,-1.55,-29.11
169,-6.97,-19.47
170,0.56,6.53
171,,
172,4.42,3.79
173,-12.02,-11.95
174,,
175,-195.57,-219.19
176,,
177,11.06,-2.12
178,,
179,25.44,32.14
180,-17.27,-32.02
181,"20,551.00","21,744.00"
182,-4.51,-3.45
183,-17.12,-12.14
184,,
185,-15.80,-8.20
186,-28.42,-25.83
187,,
188,-9.45,-10.25
189,-7.00,-7.93
190,-16.08,13.27
191,-4.22,-4.05
192,-6.86,-5.23
193,-14.55,-12.37
194,,
195,1.66,-1.58
196,,
197,-19.16,-19.39
198,,
199,-2.17,-5.26
200,-0.19,-0.07
201,-144.06,-20.02
202,-54.08,-54.58
203,,
204,,
205,,
206,14.38,
207,,
208,,
209,,
210,6.83,2.67
211,,
212,,
213,-25.55,-0.02
214,-26.39,-38.67
215,-63.37,-29.92
216,,
217,,
218,,
219,,
220,-46.75,-50.29
221,,
222,,
223,,
224,,
225,-2.85,-0.87
226,,
227,3.74,-14.17
228,,
229,-16.25,-31.30
230,-7.87,-7.47
231,-7.17,-8.10
232,5.33,3.76
233,-110.56,-36.31
234,-36.06,-34.27
235,-15.67,-13.97
236,,
237,-1.01,2.86
238,,
239,,
240,-11.34,12.34
241,46.97,36.88
242,119.53,107.11
243,,
244,-2.29,-4.17
245,-4.20,-3.73
246,97.11,-16.25
247,3.54,3.55
248,8.26,8.24
249,,
250,,
251,,
252,-3.06,-0.30
253,136.70,115.60
254,0.61,0.75
255,-17.39,-17.11
256,-2.02,-2.36
257,18.19,1.26
258,156.80,157.80
259,2.09,1.26
260,,
261,14.78,7.01
262,-29.27,-26.35
263,-4.91,-2.45
264,,
265,-1.58,-1.54
266,27.52,18.91
267,-7.14,-7.90
268,48.52,-47.12
269,-17.25,-25.15
270,,
271,39.17,23.75
272,,
273,,
274,,
275,56.95,-26.52
276,,
277,-15.92,-19.07
278,13.76,6.50
279,8.72,8.72
280,-24.80,-9.69
281,-2.12,-3.06
282,-10.43,5.09
283,,
284,,
285,212.00,-411.00
286,-107.00,-4.00
287,,
288,,
289,14.12,9.54
290,85.34,93.72
291,-4.71,-4.83
292,,
293,4.12,-19.98
294,,
295,-2.62,2.02
296,-10.37,-13.60
297,3.80,4.38
298,-27.85,-19.00
299,-23.63,-41.20
300,-7.04,-15.21
301,,
302,,
303,,
304,,
305,161.31,190.51
306,-14.46,-43.87
307,,
308,,
309,,
310,,
311,-62.36,-48.71
312,,
313,-1.03,-11.09
314,,
315,,
316,-6.69,-11.31
317,,
318,,
319,,
320,,
321,-3.90,-61.36
322,-28.51,-28.73
323,,
324,,
325,58.09,79.11
326,11.58,11.60
327,,
328,-14.01,-10.85
329,"1,233.00","1,212.00"
330,,
331,,
332,21.00,35.41
333,923.00,710.00
334,,
335,-11.28,-3.14
336,,
337,0.70,0.57
338,-1.64,16.55
339,2.52,-13.98
340,-6.18,-5.78
341,,
342,,
343,6.97,6.91
344,,
345,-16.77,-17.64
346,0.98,1.97
347,,
348,0.99,-17.26
349,-6.70,-5.69
350,7.55,0.29
351,,
352,833.89,-68.22
353,,
354,178.92,156.50
355,,
356,,
357,-1.55,-6.11
358,-22.91,-22.74
359,-11.62,-5.56
360,,
361,,
362,,
363,-0.15,-0.11
364,,
365,126.60,-55.15
366,-0.97,27.12
367,-45.82,-44.76
368,-4.18,7.57
369,-10.38,-7.43
370,-28.99,2.36
371,,
372,20.41,20.39
373,39.25,95.03
374,33.19,27.67
375,,
376,256.00,144.00
377,5.97,4.63
378,-78.19,-70.94
379,-3.07,-3.98
380,,
381,-204.51,-189.56
382,,
383,,
384,"18,936.00","18,525.00"
385,2.48,-3.13
386,-13.49,-11.03
387,,
388,83.26,-18.99
389,,
390,,
391,-0.57,19.07
392,35.40,40.80
393,-3.60,-2.32
394,31.46,31.57
395,17.00,-29.00
396,,
397,202.00,255.00
398,123.53,146.15
399,,
400,37.52,37.69
401,,
402,,
403,,
404,,
405,796.00,578.20
406,-0.57,-1.48
407,,
408,,
409,10.84,10.92
410,,
411,-0.27,0.53
412,-8.91,-6.65
413,-4.43,-5.40
414,-37.32,-15.91
415,22.89,24.97
416,69.76,69.79
417,-2.38,-1.89
418,,
419,29.55,7.77
420,-36.56,-10.08
421,0.67,0.37
422,,
423,75.69,503.31
424,-6.67,-0.43
425,-11.72,-10.18
426,,
427,,
428,-17.00,-30.29
429,-15.70,-17.07
430,-4.33,-2.40
431,-35.60,-31.29
432,,
433,-70.77,-81.59
434,,
435,,
436,,
437,,
438,34.28,12.66
439,-0.14,2.02
440,-25.38,-23.82
441,,
442,,
443,"1,712.00","1,716.00"
444,-25.99,-23.63
445,11.15,1.32
446,-1.08,-2.14
447,0.18,14.42
448,22.81,20.58
449,-21.23,-19.82
450,,
451,-1.39,-8.02
452,,
453,-11.09,-7.11
454,,
455,,
456,63.69,60.98
457,,
458,388.75,663.82
459,-11.51,-8.25
460,-56.98,-42.01
461,-43.59,-45.19
462,-196.31,-146.09
463,334.00,478.00
464,,
465,-20.74,4.56
466,-21.00,-5.49
467,,
468,,
469,,
470,,
471,-12.69,8.63
472,16.09,16.08
473,,
474,4.95,-1.81
475,,
476,5.06,4.50
477,,
478,0.06,0.06
479,,
480,,
481,,
482,-0.12,0.27
483,,
484,39.40,95.44
485,-9.71,-7.07
486,-18.80,-23.59
487,,
488,9.30,9.00
489,,
490,-0.42,7.02
491,-2.03,-1.47
492,-84.66,-83.79
493,-28.19,1.54
494,,
495,-16.18,-22.60
496,1.08,-4.85
497,,
498,,
499,,
500,,
501,76.32,78.84
502,,
503,,
504,-400.10,-213.07
505,-5.20,-7.04
506,-27.36,-26.68
507,,
508,-2.05,-0.75
509,-4.66,-1.78
510,,
511,-50.26,-47.01
512,,
513,-0.39,-3.61
514,,
515,,
516,700.50,538.20
517,-0.00,
518,,
519,-10.27,-18.32
520,-0.87,-0.95
521,4.68,2.83
522,3.52,6.30
523,-35.53,-20.21
524,675.00,398.00
525,,
526,111.32,85.36
527,,
528,-15.61,-15.94
529,,
530,,
531,-34.88,-32.28
532,-9.80,-10.84
533,,
534,50.55,75.68
535,,
536,,
537,,
538,,
539,4.83,15.79
540,-0.19,-0.16
541,,
542,-1.70,-0.28
543,-2.18,6.37
544,68.36,68.82
545,0.09,0.14
546,,
547,0.24,0.21
548,-11.19,-10.74
549,,
550,8.00,-68.00
551,25.01,22.73
552,,
553,33.27,33.41
554,58.63,59.02
555,,
556,,
557,,
558,,
559,9.11,9.07
560,,
561,34.67,34.93
562,-0.27,
563,,
564,,
565,,
566,,
567,-16.96,-15.33
568,10.69,10.89
569,,
570,,
571,104.80,76.50
572,-28.12,-76.25
573,-1.62,0.19
574,-73.22,-50.87
575,,
576,1.23,-2.20
577,,
578,-5.04,-4.00
579,,
580,-40.50,-1.55
581,,
582,1.48,-0.10
583,-8.69,-6.74
584,-19.31,-16.99
585,,
586,,
587,,
588,,
589,69.61,14.96
590,-2.71,-3.49
591,6.67,9.06
592,0.08,7.88
593,,
594,,
595,0.87,0.63
596,-11.51,-11.40
597,,
598,,-3.53
599,329.20,448.50
600,,
601,-1.02,-1.16
602,-1.54,-2.47
603,-20.75,-18.79
604,,
605,,
606,,
607,-1.07,-4.13
608,-7.45,-0.68
609,,
610,-35.08,-34.35
611,-0.51,-0.24
612,11.60,32.03
613,6.19,6.73
614,-24.29,-1.08
615,-15.32,-13.46
616,,
617,3.45,82.55
618,-10.35,-13.09
619,,
620,21.98,28.52
621,,
622,-0.16,-0.44
623,,
624,,
625,-13.56,-2.94
626,-117.24,-108.44
627,,
628,,
629,14.02,13.95
630,2.31,
631,-0.51,-0.49
632,,
633,,
634,-4.91,-7.29
635,,
636,0.73,-2.22
637,,
638,-5.34,-6.27
639,-1.59,5.78
640,-13.25,-11.15
641,,
642,5.57,-2.86
643,29.11,29.13
644,,
645,361.00,10.00
646,-0.12,-0.02
647,0.07,8.48
648,"1,989.00","1,876.00"
649,,
650,71.45,70.30
651,,
652,11.07,0.99
653,78.24,78.47
654,,
655,,
656,,
657,,
658,,
659,-6.88,-7.08
660,,
661,3.03,1.87
662,20.51,20.83
663,,
664,,
665,,
666,,
667,,
668,1.30,-1.82
669,,
670,17.22,17.28
671,,
672,-11.40,18.17
673,,
674,-12.83,-9.76
675,-0.90,0.29
676,,
677,,
678,,
679,,
680,-6.94,-6.93
681,,
682,,
683,14.99,13.16
684,5.69,5.69
685,4.74,4.75
686,13.72,14.43
687,7.74,7.77
688,,
689,,
690,,
691,,
692,,
693,3.02,5.97
694,,
695,,
696,26.80,25.20
697,,
698,,
699,-1.69,-1.64
700,-215.15,-139.38
701,5.73,7.88
702,-4.63,-3.39
703,,
704,-18.05,-15.02
705,0.84,-0.94
706,,
707,-50.13,44.91
708,-20.40,-18.15
709,9.84,-12.88
710,-0.24,-0.16
711,513.36,460.87
712,-54.82,-19.65
713,,
714,,
715,-21.67,-12.22
716,,
717,-2.07,-1.81
718,-22.93,-30.38
719,-58.80,-43.20
720,,
721,-36.49,12.94
722,-4.18,-4.06
723,-5.54,-131.53
724,0.43,-1.83
725,,
726,,
727,,
728,,
729,-12.61,-8.40
730,,
731,,
732,-7.25,-7.70
733,,
734,-10.75,-5.66
735,,
736,-1.34,35.79
737,,
738,-13.74,-25.45
739,10.90,54.83
740,,
741,,
742,,
743,-27.80,31.61
744,-2.39,4.33
745,,
746,0.50,0.76
747,,
748,,
749,,
750,,
751,-1.19,-0.54
752,,
753,,
754,,
755,-23.39,-23.59
756,0.99,-0.59
757,769.00,-167.00
758,-29.57,-15.82
759,-26.28,8.64
760,,
761,0.36,-0.44
762,,
763,,
764,-8.72,-12.23
765,,
766,-155.94,-96.35
767,20.34,17.60
768,-1.41,-1.77
769,-4.89,-5.09
770,-1.02,0.87
771,,
772,,
773,,
774,-2.10,10.25
775,,
776,,
777,0.08,-0.28
778,-86.06,-10.09
779,87.10,57.60
780,20.06,20.02
781,,
782,,
783,,
784,,
785,,
786,-5.02,8.99
787,,
788,,
789,-1.84,2.04
790,,
791,,
792,-9.71,-6.43
793,20.02,2.70
794,435.74,442.64
795,71.70,49.40
796,-0.07,-0.00
797,3.19,-3.79
798,0.86,1.80
799,-1.06,0.44
800,,
801,247.05,193.79
802,7.75,-3.12
803,,
804,,
805,,
806,,
807,926.50,510.30
808,16.83,16.82
809,14.95,13.29
810,5.94,-3.83
811,6.63,6.23
812,10.95,11.57
813,16.13,19.32
814,18.00,20.05
815,,
816,5.97,1.47
817,-11.56,-11.14
818,,
819,,
820,5.95,1.71
821,,
822,,
823,,
824,-12.96,-12.98
825,,
826,,
827,-11.17,-14.31
828,,
829,4.62,11.52
830,15.00,15.01
831,,
832,,
833,,
834,,
835,2.76,1.87
836,14.23,14.17
837,-4.56,15.14
838,,
839,,
840,-3.93,-4.75
841,,
842,-3.48,-7.21
843,,
844,,
845,-6.91,-6.76
846,,
847,-8.62,-5.29
848,-11.90,-1.93
849,11.92,21.32
850,,
851,,
852,,
853,26.39,26.39
854,5.51,3.47
855,,
856,,
857,,
858,6.80,7.03
859,,
860,15.46,6.48
861,,
862,,
863,,
864,78.15,79.42
865,,
866,,
867,,
868,,
869,,
870,,
871,-6.03,-14.03
872,,
873,-20.45,-13.37
874,-5.82,-6.03
875,,
876,2.75,3.96
877,,
878,,
879,-21.64,-8.02
880,,
881,-3.01,76.19
882,,
883,,
884,-52.40,-35.10
885,11.23,6.86
886,,
887,,
888,7.99,5.80
889,-62.06,-53.24
890,-1.76,-2.86
891,,
892,,
893,0.28,-0.17
894,-36.40,-3.60
895,,
896,,
897,"1,217.00","1,020.00"
898,,
899,,
900,-4.24,-3.92
901,-11.27,-9.14
902,3.46,1.10
903,-6.37,-9.06
904,4.68,4.68
905,,
906,,
907,,
908,78.87,24.09
909,,
910,,
911,-0.32,3.20
912,,
913,,
914,,
915,,
916,,
917,3.63,2.22
918,,
919,0.23,1.29
920,-26.74,22.84
921,,
922,,
923,,
924,,
925,,
926,-30.70,-42.57
927,,
928,-8.86,-5.57
929,6.00,11.53
930,,
931,2.33,-60.19
932,153.00,703.00
933,,
934,,
935,"2,980.00","3,009.00"
936,-4.96,-5.82
937,10.62,10.79
938,,
939,,
940,,
941,15.10,15.53
942,4.53,1.84
943,-2.77,-18.11
944,,
945,3.34,0.00
946,-2.17,-1.59
947,-2.35,-2.29
948,-4.89,-6.09
949,,
950,28.94,-3.35
951,,
952,-34.53,-317.61
953,-67.41,-66.45
954,64.30,61.15
955,12.46,12.46
956,68.93,48.18
957,-3.94,-3.82
958,-2.64,-3.21
959,,
960,2.24,-4.26
961,9.75,9.85
962,,
963,-3.11,-1.49
964,,-0.28
965,21.06,30.26
966,406.10,"1,606.35"
967,,
968,,
969,8.05,72.84
970,,
971,,
972,71.19,71.16
973,100.56,40.68
974,-10.69,-10.58
975,,
976,1.73,13.90
977,121.88,122.27
978,,
979,7.51,5.09
980,,
981,,
982,,
983,,
984,17.81,17.80
985,,
986,,
987,2.74,6.14
988,,
989,,
990,,
991,,
992,11.00,12.00
993,-95.67,-88.17
994,-1.21,5.55
995,39.87,39.87
996,18.24,37.00
997,-4.72,-55.36
998,,
999,13.68,9.71
1000,-64.00,-111.00
1001,,
1002,,
1003,,
1004,260.36,255.97
1005,-8.57,-4.63
1006,-2.18,-17.14
1007,,
1008,,
1009,,
1010,,
1011,,
1012,,
1013,,
1014,-10.67,-11.75
1015,"1,324.00","1,670.00"
1016,-15.92,-14.47
1017,-91.20,-91.47
1018,,
1019,-4.00,-31.00
1020,37.80,45.32
1021,,
1022,,
1023,33.38,36.36
1024,,
1025,-0.34,1.02
1026,250.00,288.60
1027,,
1028,,
1029,,
1030,30.00,49.13
1031,-27.85,-26.09
1032,,
1033,23.43,11.55
1034,51.61,52.21
1035,-50.45,-57.32
1036,-5.70,-5.40
1037,-6.53,-5.39
1038,,
1039,,
1040,-12.99,-10.28
1041,-2.41,-2.00
1042,,
1043,,
1044,,
1045,-11.05,-10.84
1046,,
1047,-29.11,-22.76
1048,,
1049,,
1050,-3.86,-3.60
1051,-22.68,-23.22
1052,,
1053,,
1054,1.42,2.67
1055,-22.58,-19.24
1056,-13.37,12.02
1057,3.55,3.65
1058,-24.68,-22.58
1059,,
1060,5.39,5.43
1061,,
1062,24.54,24.57
1063,266.60,274.10
1064,,
1065,-0.17,0.32
1066,,
1067,,
1068,6.66,6.69
1069,,
1070,,
1071,,
1072,1.62,0.53
1073,1.96,4.86
1074,,
1075,,
1076,0.73,
1077,,
1078,5.94,-3.83
1079,,
1080,2.73,0.24
1081,-127.15,759.23
1082,0.82,-0.42
1083,968.00,"1,173.00"
1084,-24.18,-19.68
1085,135.38,135.51
1086,-6.13,-17.75
1087,-2.10,
1088,,
1089,176.31,155.90
1090,-233.00,71.00
1091,-18.03,-4.24
1092,-6.93,-5.68
1093,,
1094,,
1095,,
1096,,
1097,,
1098,-7.31,-4.81
1099,7.00,7.00
1100,,
1101,-4.48,-1.77
1102,-80.88,-112.55
1103,-1.29,2.66
1104,22.22,22.20
1105,,
1106,16.91,16.89
1107,,
1108,,
1109,135.57,135.54
1110,-5.99,-2.18
1111,29.20,28.05
1112,-4.66,2.07
1113,,
1114,,
1115,,
1116,,
1117,-44.53,-47.31
1118,1.50,-0.23
1119,-2.85,-7.36
1120,-20.97,-14.31
1121,,
1122,3.69,-1.86
1123,,
1124,-9.90,-9.56
1125,,
1126,-0.88,-3.19
1127,,
1128,,
1129,96.83,119.16
1130,-9.56,-5.12
1131,,
1132,-25.24,-19.93
1133,,
1134,10.33,12.18
1135,,
1136,37.61,27.05
1137,,
1138,120.40,105.50
1139,,
1140,,
1141,,
1142,,
1143,,
1144,-51.79,-68.85
1145,,
1146,-7.13,38.03
1147,1.10,2.45
1148,37.12,-25.05
1149,,
1150,62.71,30.46
1151,,
1152,-3.01,76.19
1153,12.04,12.55
1154,,
1155,,
1156,,-23.27
1157,0.27,-1.71
1158,,
1159,175.79,32.71
1160,-12.44,-15.36
1161,,
1162,56.83,7.25
1163,,
1164,,
1165,2.69,-0.00
1166,14.90,6.50
1167,,
1168,,
1169,187.00,186.00
1170,-14.97,-18.97
1171,32.68,33.72
1172,,
1173,-22.31,-39.21
1174,,
1175,-345.00,-439.00
1176,,
1177,,
1178,-14.49,-8.83
1179,-18.56,-17.76
1180,,
1181,,
1182,,
1183,,
1184,,
1185,,
1186,,
1187,-0.14,-6.26
1188,,
1189,,
1190,-4.13,1.38
1191,,
1192,,
1193,,
1194,,
1195,,
1196,,
1197,61.40,108.30
1198,-18.08,10.71
1199,,
1200,,
1201,-0.18,5.19
1202,,
1203,85.10,17.21
1204,,
1205,,
1206,,
1207,5.59,5.58
1208,15.71,15.87
1209,51.79,62.77
1210,,
1211,,
1212,,
1213,-4.08,3.23
1214,-3.93,-79.67
1215,-5.37,-16.68
1216,,
1217,-3.98,-3.74
1218,7.43,6.10
1219,,
1220,,
1221,0.99,-8.96
1222,,
1223,,
1224,11.48,9.79
1225,,
1226,,
1227,244.00,372.00
1228,1.52,2.21
1229,-9.82,-9.20
1230,-21.70,-21.81
1231,-0.13,0.36
1232,13.32,-2.49
1233,78.90,77.60
1234,544.00,512.00
1235,-3.42,-5.22
1236,-38.53,-29.90
1237,23.73,95.10
1238,9.26,-0.44
1239,-3.08,-3.04
1240,,
1241,,
1242,12.34,9.50
1243,-3.26,-4.97
1244,,
1245,102.98,104.54
1246,,
1247,,
1248,"4,035.00","3,738.00"
1249,-124.20,-153.80
1250,,
1251,,
1252,8.61,-1.94
1253,,
1254,,
1255,5.72,5.86
1256,,
1257,8.78,8.72
1258,-5.97,-55.80
1259,-6.16,-9.50
1260,-65.48,-6.64
1261,1.67,1.83
1262,2.92,11.21
1263,-5.98,7.36
1264,,
1265,,
1266,109.75,82.90
1267,-26.68,5.42
1268,4.64,-10.85
1269,,
1270,-12.97,38.04
1271,,
1272,,
1273,1.36,-1.52
1274,7.90,9.34
1275,-1.44,-5.03
1276,-5.29,-5.40
1277,,
1278,,
1279,,
1280,,
1281,,
1282,16.07,16.84
1283,,
1284,30.47,26.52
1285,,
1286,,
1287,7.93,-4.85
1288,,
1289,1.78,27.75
1290,-21.71,-21.75
1291,,
1292,,
1293,,
1294,,
1295,16.44,15.42
1296,,
1297,,
1298,,
1299,,
1300,-9.80,-8.56
1301,-1.84,-2.91
1302,,
1303,,
1304,16.68,32.58
1305,-0.12,-1.00
1306,,
1307,153.49,318.95
1308,,
1309,,
1310,2.39,2.67
1311,0.86,1.17
1312,,
1313,,
1314,19.35,
1315,-17.35,-15.64
1316,-1.06,1.23
1317,27.45,-5.89
1318,0.83,-8.30
1319,-1.39,7.75
1320,,
1321,0.97,0.52
1322,4.80,3.11
1323,,
1324,-11.29,-16.18
1325,,
1326,,
1327,6.70,7.40
1328,,
1329,-6.41,-4.68
1330,-76.09,-61.55
1331,,
1332,,
1333,,
1334,417.50,-83.00
1335,,
1336,,
1337,,
1338,2.88,2.88
1339,,
1340,,
1341,,
1342,-5.90,-3.28
1343,,
1344,,
1345,-22.44,-17.77
1346,-1.85,-0.65
1347,0.01,-0.03
1348,,
1349,-1.44,-1.60
1350,10.59,52.77
1351,-7.87,-9.02
1352,,
1353,,
1354,,
1355,,
1356,-16.40,-11.65
1357,,
1358,2.20,-4.50
1359,,
1360,,
1361,,
1362,,
1363,,
1364,-84.59,-60.69
1365,12.27,-0.83
1366,,
1367,,
1368,,
1369,,
1370,,
1371,,
1372,-3.45,-3.27
1373,,
1374,,
1375,25.63,16.86
1376,6.52,-7.16
1377,649.00,311.00
1378,-17.07,-40.81
1379,,
1380,,
1381,-8.94,-10.70
1382,,
1383,-5.85,14.28
1384,,
1385,,
1386,,
1387,,
1388,,
1389,,
1390,,
1391,,
1392,,
1393,0.54,-3.04
1394,,
1395,,
1396,-6.71,16.16
1397,33.10,31.62
1398,-545.03,-305.53
1399,,
1400,,
1401,,
1402,,
1403,19.14,28.57
1404,,
1405,75.60,88.00
1406,-5.56,-0.36
1407,,
1408,1.83,-2.71
1409,-28.97,-0.18
1410,,
1411,,
1412,,
1413,-28.43,4.47
1414,,
1415,,
1416,,
1417,,
1418,,
1419,-17.34,
1420,557.04,671.05
1421,19.66,17.71
1422,,
1423,,
1424,7.12,8.12
1425,,
1426,,
1427,2.37,3.69
1428,-12.67,-9.16
1429,20.90,35.30
1430,,
1431,,
1432,-5.48,-9.36
1433,,
1434,-1.86,75.48
1435,-19.24,-114.28
1436,,
1437,,
1438,,
1439,,
1440,-79.84,-70.43
1441,,
1442,,
1443,,
1444,-15.79,
1445,3.84,6.00
1446,-7.12,-6.43
1447,"3,843.00",831.00
1448,,
1449,,
1450,,
1451,,
1452,,
1453,-11.32,-7.64
1454,13.66,24.45
1455,4.30,6.70
1456,,
1457,70.90,62.90
1458,,
1459,,
1460,,
1461,,
1462,-12.20,-3.78
1463,4.59,3.16
1464,-2.87,-15.42
1465,8.07,-5.38
1466,,
1467,,
1468,,
1469,40.43,40.98
1470,68.42,55.37
1471,,
1472,156.00,672.00
1473,,
1474,,
1475,-89.34,-34.22
1476,6.43,3.35
1477,,
1478,,
1479,,
1480,0.67,0.84
1481,0.14,1.35
1482,-28.51,-22.24
1483,,
1484,,
1485,,
1486,-3.92,-1.23
1487,12.18,-3.96
1488,,
1489,,
1490,,
1491,,
1492,2.49,1.96
1493,2.81,8.99
1494,-2.45,-2.95
1495,-9.98,-9.15
1496,-1.72,-3.85
1497,,
1498,0.48,2.93
1499,-42.58,-29.95
1500,,
1501,5.14,-0.62
1502,,
1503,,
1504,,
1505,,
1506,,
1507,,
1508,,
1509,,
1510,-8.56,-8.75
1511,6.13,-25.80
1512,-166.94,-176.91
1513,1.55,-2.57
1514,32.03,32.02
1515,,
1516,,
1517,,
1518,,
1519,143.14,143.04
1520,,
1521,-1.91,-1.77
1522,,
1523,,
1524,,
1525,,
1526,,
1527,,
1528,,
1529,,
1530,-12.95,-10.35
1531,,
1532,-39.08,-55.26
1533,,
1534,,
1535,-22.22,-19.17
1536,-1.96,-1.27
1537,,
1538,-11.45,-0.18
1539,,
1540,294.00,204.00
1541,,
1542,-12.27,-5.06
1543,-0.29,
1544,,
1545,,
1546,,
1547,,
1548,,
1549,,
1550,137.21,91.18
1551,,
1552,-77.21,-15.50
1553,,
1554,-12.46,-11.02
1555,,
1556,,
1557,,
1558,-3.42,-3.11
1559,-10.84,-118.14
1560,21.81,39.35
1561,47.28,49.42
1562,,
1563,-17.16,-0.94
1564,,
1565,,
1566,12.07,12.06
1567,,
1568,,
1569,,
1570,-2.71,-0.91
1571,-1.53,-3.02
1572,,
1573,-18.12,-54.04
1574,,
1575,-65.83,-64.36
1576,1.40,-0.49
1577,-10.28,-9.16
1578,,
1579,,
1580,5.97,8.13
1581,,
1582,-0.55,-4.83
1583,7.95,7.89
1584,,
1585,-14.68,-5.32
1586,,
1587,,
1588,89.93,98.25
1589,12.06,2.22
1590,,
1591,-9.27,7.73
1592,,
1593,-1.17,7.56
1594,-5.27,-1.88
1595,,
1596,,
1597,-7.61,-6.21
1598,-19.43,-15.60
1599,,
1600,,
1601,,
1602,,
1603,-13.21,-19.37
1604,,
1605,26.51,28.02
1606,,
1607,,
1608,24.57,25.40
1609,,
1610,,
1611,-5.57,-4.84
1612,,-1.35
1613,5.14,-0.62
1614,,
1615,,
1616,,
1617,,
1618,-2.66,-3.20
1619,,
1620,9.76,9.91
1621,,
1622,58.70,5.64
1623,,
1624,78.34,9.23
1625,,
1626,-19.32,-13.62
1627,-0.22,-0.94
1628,172.30,172.17
1629,,
1630,,
1631,15.45,15.72
1632,33.41,37.30
1633,-5.86,2.56
1634,,
1635,,
1636,-4.76,-2.26
1637,,
1638,,
1639,1.60,-3.56
1640,-0.49,-0.63
1641,1.90,3.44
1642,,
1643,10.16,8.82
1644,,
1645,-17.78,-8.59
1646,0.02,0.21
1647,,
1648,-9.82,-7.38
1649,,
1650,,
1651,-9.88,-36.06
1652,-0.03,0.82
1653,,
1654,2.75,2.74
1655,,
1656,,
1657,,
1658,-24.60,-24.02
1659,83.57,96.50
1660,175.54,183.05
1661,,
1662,,
1663,,
1664,,
1665,1.07,1.07
1666,,
1667,,
1668,,
1669,-3.39,-2.98
1670,-10.41,-17.36
1671,,
1672,,
1673,-12.39,-12.03
1674,117.46,88.77
1675,-2.46,-5.15
1676,,
1677,36.95,31.31
1678,,
1679,,
1680,-1.53,-3.02
1681,,
1682,,
1683,2.91,-4.09
1684,,
1685,-0.53,-0.23
1686,152.22,68.34
1687,,
1688,,
1689,90.22,79.03
1690,,
1691,-69.39,-43.67
1692,,-3.96
1693,,
1694,,
1695,-6.09,-2.02
1696,,
1697,,
1698,0.49,-0.10
1699,73.88,8.63
1700,,
1701,8.46,7.95
1702,-33.73,-31.60
1703,,
1704,-28.68,-33.82
1705,0.88,0.26
1706,-74.06,-33.43
1707,-1.97,-2.29
1708,22.75,-22.37
1709,,
1710,-7.18,-6.41
1711,,
1712,,
1713,38.20,96.09
1714,-23.53,-14.27
1715,376.00,-172.00
1716,359.07,316.37
1717,,
1718,12.70,10.33
1719,,
1720,,
1721,,
1722,110.72,89.60
1723,-3.62,-5.93
1724,,
1725,6.37,6.59
1726,20.01,20.23
1727,8.45,8.66
1728,-1.22,-2.17
1729,,
1730,,
1731,,
1732,,
1733,,
1734,,
1735,,
1736,-5.73,-1.82
1737,-2.42,-3.97
1738,28.36,28.35
1739,1.36,0.88
1740,243.50,239.70
1741,-43.31,-55.13
1742,,
1743,,
1744,,
1745,,
1746,-4.18,-4.00
1747,,
1748,49.80,-133.99
1749,,
1750,,
1751,,
1752,17.26,-0.08
1753,706.09,718.08
1754,,
1755,,
1756,8.70,-7.54
1757,,
1758,15.94,15.91
1759,-9.96,-15.17
1760,,
1761,,
1762,,
1763,,
1764,10.99,10.99
1765,21.21,21.21
1766,,
1767,8.34,8.39
1768,,
1769,17.28,17.54
1770,7.56,7.54
1771,,
1772,,
1773,,
1774,13.02,13.41
1775,9.45,9.53
1776,45.00,45.10
1777,9.74,9.74
1778,,
1779,,
1780,61.75,61.73
1781,18.14,18.12
1782,,
1783,,
1784,,
1785,7.20,7.18
1786,45.20,82.45
1787,,
1788,,
1789,6.62,6.62
1790,-30.40,-9.28
1791,33.40,28.43
1792,,
1793,,
1794,,
1795,-20.54,-16.53
1796,,
1797,,
1798,,-1.70
1799,-2.45,-5.18
1800,31.57,31.68
1801,,
1802,,
1803,,
1804,-26.08,-23.11
1805,,
1806,,
1807,,
1808,-15.27,-10.06
1809,-6.88,-7.13
1810,20.50,17.91
1811,4.52,8.34
1812,35.77,36.06
1813,7.20,-8.72
1814,,
1815,,
1816,,
1817,-0.08,0.24
1818,31.42,-1.19
1819,,
1820,,
1821,,
1822,43.82,44.27
1823,,
1824,46.17,39.14
1825,,
1826,1.73,-1.30
1827,204.53,51.76
1828,0.50,-1.57
1829,-107.42,
1830,76.00,40.00
1831,,
1832,,
1833,23.00,19.00
1834,,
1835,0.68,-0.78
1836,122.52,79.81
1837,,
1838,,
1839,-19.43,-26.85
1840,-10.31,-0.40
1841,19.81,31.36
1842,,
1843,-10.79,-15.65
1844,,
1845,-3.62,-5.93
1846,,
1847,,
1848,,
1849,,
1850,,
1851,14.61,14.52
1852,,
1853,,
1854,5.81,3.64
1855,,
1856,11.11,11.11
1857,-56.20,-58.30
1858,,
1859,-3.37,-2.09
1860,,
1861,-24.78,-50.37
1862,,
1863,-2.26,-1.08
1864,-96.60,1.91
1865,,
1866,,
1867,,
1868,,
1869,28.44,25.89
1870,,
1871,,
1872,,
1873,,
1874,,
1875,,
1876,,
1877,,
1878,,-84.02
1879,28.52,28.49
1880,,
1881,,
1882,56.83,55.73
1883,3.35,3.35
1884,9.82,9.82
1885,,
1886,,
1887,,
1888,,
1889,95.14,97.01
1890,143.22,143.16
1891,,
1892,129.21,129.83
1893,,
1894,,
1895,53.96,54.18
1896,113.78,113.64
1897,,
1898,9.27,9.25
1899,,
1900,,
1901,,
1902,,
1903,,
1904,0.78,
1905,8.25,8.21
1906,23.65,23.83
1907,,
1908,,
1909,,
1910,428.00,269.00
1911,24.18,64.84
1912,,
1913,-10.20,-12.30
1914,,
1915,1.70,0.94
1916,4.35,5.84
1917,,
1918,-13.84,-17.14
1919,-4.13,-3.72
1920,9.99,-18.15
1921,,
1922,0.65,1.98
1923,,
1924,,
1925,3.89,0.72
1926,,
1927,,
1928,,
1929,-43.29,-43.59
1930,-7.75,-5.81
1931,163.10,137.50
1932,-20.78,-3.54
1933,,
1934,,
1935,23.54,30.68
1936,,
1937,,
1938,,
1939,,
1940,701.00,253.00
1941,701.00,253.00
1942,1.06,-1.58
1943,164.07,38.74
1944,-1.10,-0.02
1945,,
1946,0.73,-2.57
1947,-25.16,-17.66
1948,-2.07,-7.47
1949,,
1950,,
1951,126.00,"4,580.00"
1952,,
1953,,
1954,-12.00,-18.92
1955,-20.72,-19.65
1956,4.62,5.48
1957,163.46,163.86
1958,11.90,13.81
1959,,
1960,,
1961,,
1962,,
1963,,
1964,,-4.90
1965,,
1966,,
1967,,
1968,,
1969,11.44,3.23
1970,,
1971,,
1972,,
1973,-4.66,-3.56
1974,-12.70,-12.30
1975,,
1976,,
1977,,
1978,259.04,317.00
1979,,
1980,0.98,-1.25
1981,,
1982,-18.55,-16.45
1983,,
1984,0.77,0.29
1985,-0.37,2.33
1986,,
1987,,
1988,,
1989,-31.86,-30.79
1990,2.47,2.35
1991,,
1992,,
1993,-3.44,-3.99
1994,15.69,24.79
1995,,
1996,,
1997,,
1998,,
1999,26.53,26.55
2000,,
2001,-14.38,-18.25
2002,,
2003,,
2004,"2,592.00","1,522.00"
2005,,
2006,32.74,17.95
2007,4.48,2.14
2008,,
2009,,
2010,,
2011,2.85,2.85
2012,,
2013,-1.66,
2014,,
2015,-28.47,-22.22
2016,5.00,
2017,-7.82,6.26
2018,,
2019,,
2020,0.63,0.86
2021,4.35,-5.92
2022,1.50,1.98
2023,,
2024,-0.89,-0.35
2025,5.58,-0.02
2026,,
2027,,
2028,311.76,16.95
2029,,
2030,,
2031,-25.76,3.26
2032,,
2033,-0.26,-0.37
2034,,82.89
2035,1.25,13.63
2036,,
2037,,
2038,,
2039,-22.78,-11.20
2040,,
2041,,
2042,,
2043,49.39,-8.87
2044,,
2045,-7.99,-7.71
2046,,
2047,-3.13,2.49
2048,,
2049,13.63,13.81
2050,,
2051,-59.62,9.74
2052,,
2053,,
2054,,
2055,,
2056,-16.28,-3.04
2057,-6.03,-0.77
2058,,
2059,,
2060,-28.12,-25.12
2061,-2.31,-2.50
2062,78.11,-3.38
2063,,
2064,,
2065,,
2066,,
2067,12.21,12.25
2068,-107.53,-97.58
2069,-3.01,-4.54
2070,5.31,-2.95
2071,-461.31,32.63
2072,,
2073,106.67,19.17
2074,5.21,16.59
2075,-42.47,-39.42
2076,-7.92,-2.73
2077,-1.43,-0.85
2078,,
2079,-1.84,-2.12
2080,,
2081,-5.45,-4.86
2082,-9.53,-5.47
2083,-50.49,-64.87
2084,6.03,4.93
2085,0.65,0.64
2086,-8.52,-8.45
2087,-22.63,-22.39
2088,-7.71,-8.40
2089,,
2090,-19.63,-21.29
2091,1.34,-1.39
2092,149.06,138.22
2093,,
2094,,
2095,63.00,409.00
2096,,
2097,,
2098,,
2099,,
2100,,
2101,,
2102,,
2103,,
2104,,
2105,-9.25,-7.38
2106,-3.62,-4.31
2107,,
2108,76.66,86.51
2109,,
2110,,
2111,-1.95,-1.31
2112,,
2113,-5.04,-0.79
2114,-26.70,-29.57
2115,,
2116,27.56,25.95
2117,,
2118,0.17,-0.13
2119,-41.23,-40.19
2120,95.59,95.58
2121,,
2122,,
2123,28.14,47.14
2124,1.50,-0.53
2125,,
2126,-70.99,-69.59
2127,,
2128,,
2129,,
2130,,
2131,,
2132,,
2133,,
2134,,
2135,,
2136,,
2137,9.08,2.90
2138,-17.33,-14.40
2139,-20.18,-11.99
2140,-0.16,-0.54
2141,,
2142,-90.95,471.43
2143,,
2144,,
2145,195.33,104.50
2146,,
2147,,
2148,,
2149,-18.07,31.06
2150,132.00,67.00
2151,4.04,1.49
2152,-22.78,-11.20
2153,,
2154,,
2155,,
2156,,
2157,-60.25,-59.83
2158,47.66,49.46
2159,-14.59,-17.53
2160,,
2161,,
2162,13.81,2.10
2163,-70.10,-147.60
2164,48.51,52.26
2165,-6.05,-0.04
2166,14.39,16.33
2167,,
2168,8.51,8.51
2169,-0.80,-1.99
2170,1.03,2.78
2171,-13.85,0.63
2172,,
2173,-0.86,-0.75
2174,-0.55,-1.48
2175,44.00,19.77
2176,17.14,19.64
2177,4.99,-6.76
2178,0.51,2.72
2179,,
2180,,
2181,,
2182,4.38,4.37
2183,,
2184,,
2185,5.39,-2.70
2186,,
2187,27.34,27.36
2188,,
2189,,
2190,,
2191,,
2192,,
2193,-20.04,-17.15
2194,,
2195,8.13,10.53
2196,8.36,15.67
2197,7.99,-2.96
2198,216.59,91.46
2199,1.35,-3.32
2200,,
2201,87.01,86.99
2202,,
2203,,
2204,3.71,1.07
2205,50.66,52.65
2206,1.53,-2.01
2207,-16.68,-16.76
2208,,
2209,,
2210,4.40,10.57
2211,-0.17,-0.41
2212,253.20,-22.90
2213,14.67,-6.18
2214,14.13,16.63
2215,,
2216,18.17,24.45
2217,-0.09,-0.09
2218,-5.04,-3.82
2219,,
2220,,
2221,,
2222,,
2223,24.47,20.74
2224,-7.43,-6.54
2225,-28.32,-0.52
2226,27.76,30.69
2227,-2.09,-0.15
2228,-14.80,-6.29
2229,,
2230,,
2231,,
2232,,
2233,162.29,155.72
2234,-9.27,-7.67
2235,35.93,36.29
2236,0.47,0.59
2237,,
2238,605.00,-168.00
2239,,
2240,,
2241,,
2242,,
2243,,
2244,,
2245,,
2246,,
2247,328.80,268.40
2248,8.41,8.50
2249,,
2250,,
2251,20.82,21.29
2252,,
2253,,
2254,-1.22,7.47
2255,122.91,124.32
2256,43.96,44.11
2257,326.54,158.12
2258,,
2259,-3.30,-3.28
2260,18.81,18.87
2261,,
2262,,
2263,-0.39,-8.44
2264,,
2265,1.49,-0.12
2266,,
2267,,
2268,-66.74,-70.80
2269,"1,487.34","1,125.04"
2270,13.73,12.80
2271,,
2272,18.70,14.90
2273,-23.21,-8.43
2274,,
2275,,
2276,,
2277,32.35,-8.18
2278,29.54,15.77
2279,-4.09,-2.75
2280,,
2281,7.85,3.60
2282,,
2283,,
2284,-4.49,-2.61
2285,,
2286,19.41,40.48
2287,3.44,-0.47
2288,,
2289,,
2290,,
2291,30.55,30.52
2292,-2.40,3.18
2293,,
2294,,
2295,-9.62,14.12
2296,,
2297,-8.33,-2.48
2298,,
2299,-21.95,-24.90
2300,,
2301,6.62,6.62
2302,2.55,0.42
2303,,
2304,-40.01,-35.83
2305,,
2306,,-1.43
2307,1.50,2.44
2308,,
2309,4.73,-8.85
2310,,
2311,,
2312,,
2313,42.42,42.36
2314,,
2315,24.50,20.77
2316,51.31,56.97
2317,-4.69,-5.98
2318,,
2319,,
2320,,
2321,,
2322,60.76,60.73
2323,,
2324,,
2325,18.51,15.11
2326,,
2327,-1.90,-0.57
2328,25.19,46.70
2329,,
2330,8.05,5.74
2331,,
2332,-32.52,-3.38
2333,2.20,2.20
2334,-3.84,-3.70
2335,,
2336,,
2337,164.60,165.23
2338,,
2339,3.51,3.53
2340,71.22,-73.21
2341,16.15,15.90
2342,-30.61,-30.50
2343,"1,257.00","1,430.00"
2344,,
2345,,
2346,12.77,6.73
2347,-119.00,-60.00
2348,95.36,218.63
2349,,
2350,,
2351,43.34,26.59
2352,6.27,3.48
2353,15.87,11.28
2354,,
2355,,
2356,,
2357,1.57,2.44
2358,,
2359,,
2360,,
2361,,
2362,,
2363,-6.15,-9.34
2364,,
2365,,
2366,,
2367,-94.27,73.86
2368,175.24,202.58
2369,22.42,19.30
2370,6.73,-4.10
2371,74.46,82.29
2372,-1.72,-2.00
2373,,
2374,,
2375,,
2376,-9.46,-6.66
2377,75.40,69.80
2378,,
2379,,
2380,,
2381,,
2382,,
2383,,
2384,,
2385,,
2386,,
2387,,
2388,,
2389,,
2390,,
2391,-14.52,-12.68
2392,,
2393,,
2394,3.77,5.34
2395,0.15,0.14
2396,-8.53,-7.99
2397,-37.34,-30.74
2398,-7.72,-5.24
2399,,
2400,-25.02,-15.48
2401,,
2402,,
2403,-2.97,-3.26
2404,-2.45,-2.31
2405,,
2406,,
2407,,
2408,21.73,21.97
2409,,
2410,,
2411,,
2412,,
2413,,
2414,,
2415,,
2416,,
2417,4.42,4.11
2418,-99.65,4.70
2419,-4.47,-2.64
2420,-20.58,-20.71
2421,-0.80,-0.10
2422,23.40,22.40
2423,7.69,6.47
2424,,
2425,72.44,88.95
2426,,
2427,,
2428,,
2429,,
2430,-7.19,-13.04
2431,55.48,58.56
2432,,
2433,,
2434,,
2435,,
2436,,
2437,,
2438,,
2439,43.23,35.07
2440,,
2441,,
2442,,
2443,-0.95,-0.74
2444,,
2445,,
2446,-3.63,-11.09
2447,,
2448,0.39,1.30
2449,,
2450,63.50,63.52
2451,16.10,5.20
2452,11.51,13.23
2453,,
2454,-31.85,-16.60
2455,,
2456,-4.23,-6.13
2457,-76.91,-68.74
2458,,
2459,-6.10,-4.95
2460,228.00,380.00
2461,,
2462,3.29,-11.89
2463,,
2464,14.50,19.78
2465,,
2466,-82.47,-80.88
2467,-86.12,-81.35
2468,,
2469,-5.20,-3.06
2470,-678.72,-0.53
2471,55.84,391.30
2472,,
2473,2.48,-4.23
2474,,
2475,3.74,7.80
2476,,
2477,,
2478,,
2479,,
2480,60.69,194.76
2481,3.01,4.03
2482,20.39,20.31
2483,31.08,28.40
2484,-11.58,-10.95
2485,3.11,3.11
2486,-44.16,-38.71
2487,,
2488,-13.65,-13.16
2489,-3.39,-3.05
2490,1.28,-2.17
2491,-2.24,-1.82
2492,,
2493,-2.17,1.39
2494,,
2495,,
2496,,
2497,-2.18,-3.28
2498,18.54,22.86
2499,,
2500,,
2501,,
2502,-1.24,-1.19
2503,-50.85,-7.26
2504,2.54,2.47
2505,,
2506,,
2507,161.30,159.00
2508,,
2509,,
2510,317.00,185.00
2511,,
2512,-27.20,-23.81
2513,,
2514,,
2515,-19.29,-17.93
2516,-87.63,-88.29
2517,,
2518,-37.70,-30.47
2519,6.37,-2.24
2520,,
2521,,
2522,44.72,40.92
2523,,
2524,181.74,149.46
2525,0.84,-3.33
2526,33.06,33.05
2527,42.73,42.82
2528,,
2529,18.31,18.83
2530,,
2531,,
2532,-10.71,-11.27
2533,,
2534,,
2535,,
2536,,
2537,71.74,71.97
2538,,
2539,,
2540,,
2541,1.53,2.69
2542,-26.43,-72.53
2543,12.17,5.10
2544,14.25,-2.27
2545,-60.17,-82.14
2546,-33.64,14.76
2547,,
2548,-112.71,-117.32
2549,-8.29,
2550,-4.07,-3.51
2551,25.00,-43.80
2552,-43.01,-35.31
2553,12.60,-25.00
2554,,
2555,-25.13,-15.91
2556,,
2557,,
2558,,
2559,"6,823.00","5,061.00"
2560,-71.64,-68.81
2561,,
2562,,
2563,26.23,1.62
2564,42.00,92.00
2565,,
2566,,
2567,10.96,15.51
2568,-9.78,-35.06
2569,-2.16,4.81
2570,,
2571,,
2572,,
2573,,
2574,,
2575,,
2576,,
2577,,
2578,,
2579,0.34,-1.18
2580,380.50,517.20
2581,,
2582,,
2583,236.41,236.50
2584,,
2585,,
2586,,
2587,,
2588,,
2589,-2.08,3.83
2590,,
2591,,
2592,,
2593,,
2594,,
2595,,
2596,,
2597,,
2598,,
2599,,
2600,18.88,28.89
2601,,
2602,-20.46,-13.15
2603,,
2604,-1.13,-2.00
2605,102.11,76.86
2606,,
2607,,
2608,,
2609,-0.97,-4.98
2610,,
2611,-3.41,-3.57
2612,,
2613,,
2614,,
2615,0.61,2.41
2616,,
2617,19.25,12.34
2618,6.93,28.77
2619,-10.65,-11.87
2620,,
2621,,
2622,-4.81,-4.15
2623,,
2624,199.83,172.16
2625,-0.39,0.91
2626,,
2627,,
2628,,
2629,,
2630,4.92,-8.22
2631,38.93,40.03
2632,-12.19,-14.08
2633,,
2634,,
2635,-30.38,-16.47
2636,,
2637,,
2638,,
2639,-52.83,-363.32
2640,,
2641,130.00,64.00
2642,,
2643,,
2644,-0.41,-0.45
2645,,
2646,1.94,2.68
2647,-30.09,-4.01
2648,,
2649,,
2650,,
2651,,
2652,,
2653,4.24,-4.89
2654,"1,068.42",632.98
2655,,
2656,,
2657,-2.30,-22.40
2658,-5.78,
2659,-28.13,-36.50
2660,-25.15,-2.72
2661,-0.84,0.94
2662,,
2663,3.79,9.58
2664,,
2665,-0.89,0.08
2666,,
2667,,
2668,-1.76,6.20
2669,,
2670,10.77,11.42
2671,,
2672,0.81,0.17
2673,-14.46,-12.96
2674,,
2675,,
2676,-5.05,7.40
2677,-10.62,1.32
2678,,
2679,36.62,35.63
2680,7.23,0.63
2681,,
2682,,
2683,,
2684,,
2685,-67.53,-55.85
2686,,
2687,-0.10,0.33
2688,-2.40,1.10
2689,-33.60,-29.05
2690,133.71,113.77
2691,-0.83,0.77
2692,,
2693,,
2694,,
2695,,-25.00
2696,4.02,-5.67
2697,,
2698,,
2699,-3.44,-4.26
2700,-19.65,-16.11
2701,-23.09,-23.89
2702,,
2703,-7.87,40.93
2704,,
2705,119.15,88.28
2706,-51.81,-53.58
2707,13.74,-8.10
2708,74.56,77.68
2709,34.80,24.00
2710,,
2711,8.22,8.21
2712,-20.30,-15.62
2713,530.00,448.00
2714,,
2715,20.17,21.19
2716,0.86,-1.32
2717,,
2718,2.56,14.45
2719,,
2720,-24.70,-21.45
2721,-5.97,-6.73
2722,-2.97,-2.47
2723,,
2724,,
2725,,
2726,,
2727,-1.58,-16.86
2728,,
2729,3.87,5.60
2730,,
2731,-5.66,-17.14
2732,-15.59,-16.36
2733,-2.31,-1.70
2734,-33.37,-33.66
2735,,
2736,,
2737,,
2738,-6.44,-7.15
2739,,
2740,-6.16,-4.36
2741,,
2742,27.73,37.64
2743,284.06,304.62
2744,0.24,-1.98
2745,,
2746,3.13,0.20
2747,5.91,5.92
2748,50.88,50.86
2749,2.79,2.56
2750,"1,179.74","1,144.66"
2751,30.66,31.73
2752,0.32,10.90
2753,5.01,5.00
2754,10.80,10.66
2755,-4.05,-2.32
2756,,
2757,,
2758,,
2759,,
2760,26.74,21.84
2761,,
2762,360.41,-29.00
2763,3.66,2.94
2764,30.97,25.31
2765,6.50,8.30
2766,-11.14,-9.53
2767,,
2768,,
2769,,
2770,-39.67,-38.40
2771,,
2772,,
2773,44.54,118.80
2774,,
2775,,
2776,236.87,56.26
2777,,
2778,,
2779,,
2780,78.20,4.40
2781,,
2782,13.76,26.72
2783,,
2784,,
2785,,
2786,-31.00,-38.00
2787,,
2788,-31.00,-38.00
2789,-50.00,55.00
2790,,
2791,72.00,153.00
2792,-14.35,-16.83
2793,,
2794,12.57,5.79
2795,,
2796,13.72,30.73
2797,,
2798,,
2799,3.99,0.73
2800,-10.11,-13.70
2801,82.18,-32.04
2802,,
2803,31.76,96.11
2804,,
2805,,
2806,-2.90,-3.10
2807,-1.08,-2.06
2808,32.76,8.42
2809,-42.24,-55.32
2810,9.94,8.73
2811,-32.81,-21.12
2812,,
2813,,
2814,,
2815,-10.19,-10.50
2816,,
2817,-6.34,-6.98
2818,,
2819,-95.81,-108.20
2820,2.75,8.45
2821,,
2822,,
2823,,
2824,-27.50,-16.20
2825,,
2826,81.50,21.50
2827,-51.34,-36.83
2828,,
2829,0.35,-0.23
2830,51.54,51.86
2831,,
2832,-71.54,-251.92
2833,2.34,2.88
2834,,
2835,,
2836,12.46,12.74
2837,,
2838,100.55,118.13
2839,,
2840,-5.49,11.11
2841,4.76,-4.19
2842,-2.26,3.73
2843,,
2844,25.64,25.60
2845,,
2846,106.84,119.61
2847,-9.48,-2.87
2848,-12.60,4.10
2849,7.40,16.22
2850,98.67,92.29
2851,-13.41,-26.66
2852,-2.28,-1.10
2853,,
2854,-16.80,-12.61
2855,,
2856,-34.24,-40.07
2857,,
2858,,
2859,,
2860,5.93,-3.48
2861,,
2862,39.39,37.20
2863,,
2864,2.42,0.28
2865,14.73,12.43
2866,,
2867,,
2868,,
2869,7.64,7.63
2870,-23.12,-18.07
2871,236.87,56.26
2872,,
2873,277.10,"11,128.20"
2874,,
2875,,
2876,78.20,4.40
2877,,
2878,,
2879,,
2880,,
2881,,
2882,12.00,-88.00
2883,12.00,-88.00
2884,-50.00,55.00
2885,,
2886,72.00,153.00
2887,,
2888,,
2889,,
2890,0.87,-1.87
2891,-0.63,-2.91
2892,-4.25,-4.54
2893,-0.40,23.59
2894,,
2895,,
2896,,
2897,,
2898,-24.34,-35.30
2899,,
2900,,
2901,,
2902,-3.08,-6.81
2903,,
2904,92.05,82.09
2905,45.04,45.06
2906,-15.24,-8.05
2907,-11.34,-75.84
2908,-1.24,-1.73
2909,,
2910,,
2911,-3.49,-7.55
2912,,
2913,,
2914,-4.86,-5.01
2915,,
2916,,
2917,,
2918,,
2919,,
2920,-524.40,-588.82
2921,,
2922,,
2923,,
2924,-27.64,-21.03
2925,2.64,2.01
2926,-48.88,-62.59
2927,-11.05,-11.04
2928,,
2929,,
2930,-11.88,-5.72
2931,34.92,22.85
2932,-5.33,-18.40
2933,-2.58,-2.66
2934,,
2935,,
2936,34.19,34.19
2937,-52.89,-39.94
2938,,
2939,,
2940,-63.10,-61.65
2941,-17.43,-16.93
2942,,
2943,7.00,5.81
2944,,
2945,,
2946,,
2947,6.16,-3.15
2948,,
2949,7.55,7.55
2950,-0.01,0.43
2951,,
2952,,
2953,36.65,30.59
2954,-1.10,5.37
2955,2.93,2.13
2956,,
2957,54.27,49.08
2958,,
2959,-19.51,-23.82
2960,,
2961,57.96,67.29
2962,6.53,-9.27
2963,-45.73,-68.55
2964,220.00,422.00
2965,,
2966,,
2967,-62.53,-276.43
2968,10.39,16.53
2969,131.21,140.90
2970,-17.54,-10.72
2971,-167.99,-6.21
2972,,
2973,,
2974,,
2975,-65.36,-77.01
2976,,
2977,,
2978,23.25,20.61
2979,,
2980,,
2981,,
2982,1.86,0.38
2983,24.99,24.95
2984,,
2985,,
2986,-1.19,0.94
2987,,
2988,,
2989,,
2990,48.57,39.93
2991,,
2992,-25.95,-20.09
2993,-0.24,-0.22
2994,,
2995,,
2996,,
2997,,
2998,,
2999,,
3000,95.22,68.19
3001,,
3002,69.12,21.41
3003,-7.14,17.93
3004,,
3005,6.66,11.67
3006,,
3007,,
3008,,
3009,,
3010,,
3011,,
3012,-0.53,-0.76
3013,-14.85,-27.39
3014,3.72,2.00
3015,-11.43,-5.18
3016,-18.33,-15.59
3017,,
3018,-171.88,-78.07
3019,,
3020,25.73,25.64
3021,,
3022,,
3023,-14.27,
3024,-36.14,-299.35
3025,242.00,252.80
3026,,
3027,,
3028,,
3029,2.89,2.98
3030,,
3031,175.97,120.58
3032,11.45,10.89
3033,22.58,22.68
3034,-3.06,-4.99
3035,,
3036,,
3037,-61.50,7.40
3038,17.58,10.07
3039,,
3040,-3.23,
3041,1.70,-1.55
3042,,
3043,-80.05,-166.43
3044,-5.11,-3.70
3045,,
3046,16.90,18.40
3047,,
3048,,
3049,,
3050,-4.44,-2.90
3051,,
3052,-7.57,13.67
3053,,
3054,,
3055,,
3056,-22.90,-29.24
3057,,
3058,-81.29,-77.13
3059,,
3060,68.77,55.17
3061,,
3062,7.24,11.33
3063,8.90,-4.65
3064,-0.00,
3065,,
3066,,
3067,,
3068,,
3069,,
3070,-0.22,-0.19
3071,,
3072,,
3073,,
3074,-6.56,-5.78
3075,-4.82,-4.74
3076,,
3077,,
3078,,
3079,-5.17,-4.69
3080,,
3081,299.00,439.00
3082,,
3083,,
3084,,
3085,1.26,0.30
3086,,
3087,-17.00,-14.36
3088,-2.01,-4.34
3089,,
3090,24.60,-4.70
3091,,
3092,17.13,15.01
3093,-4.60,2.47
3094,-0.23,0.13
3095,,
3096,,
3097,,
3098,132.40,146.50
3099,-2.37,-2.17
3100,,
3101,12.82,12.61
3102,23.17,21.22
3103,,
3104,,
3105,,
3106,,
3107,,
3108,5.94,-0.67
3109,7.50,7.78
3110,,
3111,-24.32,36.81
3112,2.85,26.63
3113,7.57,7.55
3114,,
3115,,
3116,-8.00,-24.28
3117,26.94,33.73
3118,,
3119,,
3120,37.96,36.61
3121,-68.22,-64.70
3122,1.11,1.06
3123,-4.43,-35.52
3124,-22.17,-108.88
3125,-0.00,0.00
3126,3.31,-0.33
3127,-3.13,-2.50
3128,,
3129,,
3130,5.48,10.26
3131,-4.79,
3132,-4.95,-3.04
3133,,
3134,-6.91,-6.61
3135,,
3136,,
3137,,
3138,,
3139,,
3140,-2.50,-6.24
3141,9.26,0.73
3142,,
3143,,
3144,,
3145,742.00,36.00
3146,,
3147,,
3148,,
3149,,
3150,-11.27,-10.46
3151,-0.87,-0.68
3152,,
3153,-3.35,-3.19
3154,,
3155,,
3156,,
3157,-3.58,-4.28
3158,2.26,-1.54
3159,,
3160,,
3161,-0.78,-0.51
3162,,
3163,,
3164,,
3165,,
3166,,
3167,,
3168,,
3169,,
3170,15.86,16.12
3171,,
3172,28.88,28.87
3173,,
3174,-124.62,-18.62
3175,,
3176,,
3177,11.97,4.92
3178,,
3179,,
3180,,
3181,,
3182,,
3183,,
3184,-45.47,-40.91
3185,-7.50,4.28
3186,31.30,31.34
3187,"9,194.00","10,394.00"
3188,,
3189,,
3190,,
3191,,
3192,,
3193,,
3194,-2.34,-1.78
3195,,
3196,-2.56,-2.51
3197,,
3198,"2,306.00","2,720.00"
3199,"20,505.00","16,458.00"
3200,-117.99,-2.05
3201,,
3202,11.43,10.34
3203,,
3204,,
3205,,
3206,,
3207,-14.22,0.77
3208,,
3209,5.00,-100.00
3210,,
3211,-9.21,-10.59
3212,0.68,0.11
3213,,
3214,,
3215,-47.11,-43.89
3216,,
3217,1.81,2.98
3218,,
3219,,
3220,,
3221,,
3222,,
3223,"3,333.00","2,780.00"
3224,,
3225,,
3226,-30.39,-15.60
3227,,
3228,-5.61,-2.88
3229,22.31,18.15
3230,,
3231,,
3232,,
3233,,
3234,-2.46,-2.08
3235,20.98,15.68
3236,337.20,403.76
3237,-19.84,-18.41
3238,2.93,-4.87
3239,,
3240,,
3241,,
3242,,
3243,,
3244,49.00,32.90
3245,,
3246,3.68,0.86
3247,,
3248,,
3249,,
3250,,
3251,,
3252,,
3253,0.05,-1.68
3254,,
3255,,
3256,,
3257,112.28,-115.90
3258,,
3259,-1.12,-3.71
3260,-5.47,-18.09
3261,,
3262,,
3263,43.63,43.79
3264,,
3265,-28.86,-36.69
3266,,
3267,-3.38,-5.39
3268,,
3269,,
3270,-0.64,-0.56
3271,-49.89,-18.45
3272,-31.26,-27.02
3273,,
3274,-10.84,-15.30
3275,,
3276,,
3277,,
3278,39.28,53.82
3279,,
3280,,
3281,,
3282,27.18,17.31
3283,,
3284,-0.64,-1.04
3285,40.99,37.60
3286,,
3287,,
3288,4.86,6.54
3289,5.57,3.46
3290,-14.50,-10.71
3291,,
3292,173.00,185.00
3293,,
3294,,
3295,,
3296,-3.49,-3.34
3297,-20.35,75.87
3298,10.83,17.08
3299,,
3300,,
3301,,
3302,-1.22,-1.19
3303,,
3304,-12.99,1.64
3305,,
3306,,
3307,,
3308,,
3309,,
3310,,
3311,,
3312,-7.16,-8.66
3313,-3.46,-3.92
3314,-2.64,-2.95
3315,,
3316,,
3317,,
3318,,
3319,,
3320,21.85,75.81
3321,,
3322,3.53,3.39
3323,-2.70,17.37
3324,,
3325,,
3326,,
3327,,
3328,8.45,
3329,-5.27,-4.73
3330,128.55,439.74
3331,,
3332,,
3333,,
3334,,
3335,,
3336,,
3337,169.56,200.10
3338,1.22,-11.58
3339,,
3340,-32.42,-113.92
3341,,
3342,,
3343,10.78,10.33
3344,-267.57,-143.23
3345,-16.05,-24.53
3346,,
3347,,
3348,1.78,4.31
3349,4.70,5.68
3350,,
3351,6.58,-11.80
3352,,
3353,,
3354,,
3355,35.20,37.24
3356,,
3357,,
3358,48.49,49.31
3359,6.27,6.28
3360,,
3361,,
3362,-845.88,-717.79
3363,,
3364,,
3365,,
3366,13.60,11.66
3367,,
3368,-1.94,-0.41
3369,,
3370,,
3371,,
3372,-11.72,-26.27
3373,,
3374,-28.84,-26.38
3375,,
3376,-21.64,1.80
3377,,
3378,,
3379,,
3380,7.75,5.03
3381,,
3382,2.80,-5.79
3383,-4.74,-2.64
3384,,
3385,-20.77,-16.01
3386,12.57,13.64
3387,3.65,3.58
3388,519.00,397.00
3389,-10.65,-11.75
3390,-13.47,-13.58
3391,-6.67,-0.22
3392,,
3393,,
3394,,
3395,,
3396,-151.27,-116.03
3397,3.54,5.76
3398,6.14,6.21
3399,,
3400,,
3401,1.93,7.82
3402,,
3403,,
3404,,
3405,39.84,49.90
3406,,
3407,3.26,2.96
3408,1.23,0.49
3409,,
3410,,
3411,,
3412,,
3413,,
3414,-129.71,-125.52
3415,1.49,2.77
3416,-58.16,-33.28
3417,,
3418,,
3419,,
3420,,
3421,,
3422,,
3423,,
3424,0.19,1.93
3425,"1,449.07","1,353.01"
3426,,
3427,,
3428,,
3429,,
3430,-0.69,-0.53
3431,,
3432,,
3433,,
3434,-8.15,-7.53
3435,,
3436,,
3437,,
3438,,
3439,,
3440,,
3441,51.58,53.24
3442,,
3443,,
3444,,
3445,,
3446,190.00,197.00
3447,,
3448,196.00,-14.00
3449,,
3450,,
3451,,
3452,,
3453,,
3454,-17.93,-17.99
3455,-6.77,2.85
3456,-8.81,-0.40
3457,,
3458,10.39,-6.95
3459,1.60,1.73
3460,3.57,0.60
3461,,
3462,,
3463,,
3464,142.18,124.14
3465,3.56,0.18
3466,,
3467,,
3468,,
3469,,
3470,,
3471,8.21,8.40
3472,,
3473,1.65,2.05
3474,395.70,368.10
3475,,
3476,,
3477,333.00,181.00
3478,8.21,8.21
3479,30.34,22.92
3480,,
3481,,
3482,-6.48,-6.02
3483,-322.43,-352.32
3484,,
3485,-13.12,-14.64
3486,,
3487,,
3488,,
3489,,
3490,,
3491,-122.79,-100.03
3492,-419.85,-358.18
3493,-0.52,-0.32
3494,,-9.84
3495,,
3496,,
3497,,
3498,,
3499,,
3500,,
3501,7.78,12.53
3502,-0.90,-0.67
3503,309.70,184.10
3504,15.20,15.13
3505,,
3506,19.05,25.89
3507,,
3508,36.56,47.04
3509,,
3510,37.62,35.15
3511,-0.66,-2.25
3512,,
3513,3.27,2.60
3514,,
3515,59.52,59.97
3516,,
3517,,
3518,5.64,5.61
3519,,
3520,-14.00,-22.02
3521,-4.09,-2.23
3522,,
3523,,
3524,4.78,4.79
3525,56.59,49.35
3526,5.25,5.24
3527,-17.71,-16.41
3528,,
3529,,
3530,-22.70,-28.59
3531,,
3532,,
3533,,
3534,,
3535,,
3536,,
3537,-3.45,-4.23
3538,-9.63,-7.68
3539,,
3540,,
3541,142.85,150.18
3542,,
3543,,
3544,29.41,75.97
3545,-56.82,-143.81
3546,,
3547,,
3548,22.98,7.25
3549,,
3550,,
3551,,
3552,0.04,0.35
3553,,
3554,,
3555,-15.02,-1.36
3556,-6.85,-5.21
3557,,
3558,,
3559,,
3560,12.58,20.69
3561,-10.16,-2.66
3562,,
3563,27.89,62.53
3564,,
3565,,
3566,,
3567,11.12,11.11
3568,,
3569,,
3570,-17.86,-17.73
3571,,
3572,,
3573,-12.88,-12.51
3574,52.75,42.07
3575,,
3576,-12.20,-13.11
3577,,
3578,,
3579,145.57,217.97
3580,,
3581,,
3582,,
3583,558.65,585.45
3584,101.00,-88.00
3585,,
3586,,
3587,,
3588,-5.24,-2.51
3589,11.67,13.84
3590,,
3591,,
3592,,
3593,,
3594,71.95,73.36
3595,0.82,-19.14
3596,,
3597,-5.17,-3.08
3598,,
3599,,
3600,,
3601,,
3602,-10.76,-25.95
3603,-4.23,-7.14
3604,,
3605,,
3606,,
3607,-221.31,-276.68
3608,286.63,269.58
3609,165.94,165.93
3610,29.23,29.37
3611,23.18,34.32
3612,-0.17,-0.20
3613,6.15,6.18
3614,-18.53,-15.41
3615,29.32,20.42
3616,,
3617,,
3618,,
3619,,
3620,-16.73,-15.53
3621,-4.91,-2.82
3622,,
3623,-12.34,0.30
3624,,
3625,,
3626,-7.88,-3.72
3627,,
3628,-6.06,-7.09
3629,,
3630,,
3631,3.42,1.68
3632,,
3633,,
3634,-17.12,-23.50
3635,,
3636,,
3637,4.35,3.27
3638,,
3639,,
3640,,
3641,-2.31,-1.46
3642,-36.45,-36.61
3643,,
3644,-3.50,-2.53
3645,-18.43,-21.01
3646,-4.01,-84.57
3647,23.61,23.60
3648,,
3649,,
3650,3.66,2.51
3651,,
3652,14.70,-20.00
3653,-2.17,2.42
3654,,
3655,,
3656,,
3657,-1.31,-3.55
3658,,
3659,-53.91,15.20
3660,,
3661,-30.47,-30.21
3662,30.43,288.10
3663,-11.38,-15.79
3664,,
3665,,
3666,,
3667,,
3668,,
3669,-0.73,2.42
3670,,
3671,29.79,14.35
3672,20.05,17.29
3673,0.66,-0.17
3674,-2.41,-4.48
3675,-6.96,-0.59
3676,-7.70,-8.92
3677,-15.01,-12.87
3678,,
3679,34.48,56.00
3680,,
3681,,
3682,117.23,117.03
3683,,
3684,,
3685,,
3686,17.66,19.08
3687,,
3688,0.00,7.00
3689,8.09,-31.75
3690,-103.60,-119.30
3691,,
3692,,
3693,27.00,19.23
3694,,
3695,-18.20,9.72
3696,,
3697,0.95,1.17
3698,,
3699,,
3700,,
3701,,
3702,57.40,58.98
3703,0.04,0.32
3704,-83.00,-103.31
3705,,
3706,-2.96,-3.15
3707,-53.66,-32.81
3708,-0.27,-0.93
3709,,
3710,,
3711,,
3712,,
3713,-376.00,-313.20
3714,,
3715,,
3716,1.25,2.65
3717,,
3718,7.06,7.06
3719,,
3720,,
3721,7.23,7.24
3722,424.80,425.10
3723,,
3724,-1.71,-1.21
3725,27.77,26.65
3726,3.48,-12.50
3727,17.40,16.57
3728,-2.16,-2.65
3729,0.49,3.42
3730,,
3731,,
3732,6.35,4.43
3733,,
3734,-1.70,-2.11
3735,,
3736,,
3737,-9.14,-15.20
3738,-31.92,-28.68
3739,,
3740,,
3741,,
3742,,
3743,,
3744,0.37,-8.29
3745,,
3746,60.73,-166.69
3747,,
3748,,
3749,-50.74,-149.72
3750,-0.43,-0.69
3751,,
3752,-4.07,-4.38
3753,,
3754,-12.37,-7.77
3755,33.34,27.61
3756,,
3757,,
3758,-11.43,-14.57
3759,,
3760,,
3761,,
3762,0.94,-0.87
3763,-9.94,-10.48
3764,,
3765,,
3766,,
3767,,
3768,,
3769,,
3770,,
3771,-42.42,-45.70
3772,,
3773,-2.95,-3.88
3774,3.26,-2.04
3775,-18.72,-5.56
3776,-18.08,-0.17
3777,4.50,-3.51
3778,,
3779,,
3780,,
3781,,
3782,-44.70,-36.40
3783,-1.86,-3.01
3784,,
3785,-30.69,-26.86
3786,122.00,26.39
3787,,
3788,-0.85,0.85
3789,19.46,22.53
3790,-1.16,-2.40
3791,,
3792,,
3793,,
3794,-0.55,-20.25
3795,,
3796,-9.12,-172.53
3797,-3.98,-1.40
3798,,
3799,,
3800,,
3801,,
3802,,
3803,-27.33,-19.00
3804,,
3805,,
3806,-0.48,0.44
3807,-0.88,-1.55
3808,-10.78,-12.78
3809,,
3810,36.32,-189.03
3811,109.25,27.64
3812,,
3813,,
3814,,
3815,,
3816,,
3817,-2.29,-2.45
3818,-8.18,-3.85
3819,-14.28,-15.32
3820,,
3821,,
3822,,
3823,,
3824,,
3825,,
3826,,
3827,,
3828,21.36,15.32
3829,377.70,492.90
3830,-12.23,-11.47
3831,,
3832,15.03,15.31
3833,14.41,14.56
3834,145.32,-87.04
3835,16.91,16.77
3836,,
3837,11.24,-7.04
3838,-21.64,-16.50
3839,-17.12,-8.80
3840,,
3841,-14.10,
3842,-133.62,-118.37
3843,,
3844,,
3845,,
3846,,
3847,94.06,94.22
3848,,
3849,,
3850,,
3851,-1.77,-1.70
3852,,
3853,0.25,12.34
3854,-0.41,0.82
3855,,
3856,-2.14,-2.19
3857,,
3858,29.26,32.25
3859,,
3860,,
3861,,
3862,12.13,12.11
3863,,
3864,,
3865,-1.53,-0.73
3866,,
3867,21.52,73.40
3868,3.95,3.95
3869,,
3870,"1,087.00","1,184.00"
3871,332.10,333.60
3872,30.93,11.88
3873,0.84,-12.41
3874,,
3875,19.27,19.44
3876,,
3877,,
3878,-56.47,37.29
3879,,
3880,,
3881,86.10,198.70
3882,,
3883,4.00,14.71
3884,25.11,31.88
3885,,
3886,,
3887,5.72,5.80
3888,,
3889,,
3890,,
3891,"2,224.00","2,358.00"
3892,,
3893,,
3894,,
3895,-1.69,-1.52
3896,10.62,7.08
3897,1.40,3.02
3898,-17.67,-14.95
3899,-7.90,4.03
3900,-1.11,-0.49
3901,52.75,75.11
3902,,
3903,-0.98,-1.03
3904,,
3905,,
3906,,
3907,-7.04,6.97
3908,,
3909,-3.74,-2.69
3910,,
3911,19.81,17.08
3912,-5.47,-2.20
3913,-16.54,-15.50
3914,,
3915,2.58,-0.09
3916,75.84,75.81
3917,25.09,25.09
3918,,
3919,,
3920,-24.00,-69.00
3921,,
3922,80.50,90.00
3923,-27.05,-22.83
3924,5.88,5.28
3925,-3.72,-2.80
3926,-21.81,-5.99
3927,,
3928,,
3929,-1.02,-3.19
3930,96.78,-36.81
3931,,
3932,,
3933,80.27,81.77
3934,,
3935,-2.98,-3.07
3936,,
3937,6.53,
3938,-7.20,-3.00
3939,,
3940,42.03,41.88
3941,,
3942,-3.35,-1.44
3943,,
3944,,
3945,,
3946,,
3947,,
3948,,
3949,-29.76,-20.05
3950,,
3951,-5.44,-2.57
3952,10.71,8.87
3953,37.19,37.36
3954,,
3955,,
3956,,
3957,24.63,24.62
3958,,
3959,359.90,361.80
3960,,
3961,,
3962,,
3963,1.06,0.85
3964,-15.05,-15.75
3965,,
3966,,
3967,13.97,13.96
3968,0.09,-0.40
3969,,
3970,,
3971,,
3972,,
3973,,
3974,,
3975,,
3976,,
3977,-33.80,-30.84
3978,,
3979,,
3980,,
3981,-27.02,-29.14
3982,3.44,0.52
3983,,
3984,7.82,7.90
3985,,
3986,,
3987,-10.18,-12.38
3988,-44.67,-5.11
3989,,
3990,-20.98,-15.28
3991,2.17,2.58
3992,,
3993,,
3994,,
3995,,
3996,,
3997,-14.18,
3998,,
3999,,
4000,"2,798.00","2,027.00"
4001,2.35,
4002,,
4003,,
4004,-286.03,-263.49
4005,,
4006,,
4007,,
4008,,
4009,,
4010,215.75,19.07
4011,,
4012,,
4013,-27.11,-27.29
4014,,
4015,,
4016,15.87,16.05
4017,,
4018,319.19,285.63
4019,,
4020,,
4021,,
4022,-15.66,-11.90
4023,,
4024,-18.09,-35.70
4025,,
4026,0.39,0.70
4027,-1.28,-2.06
4028,3.09,3.37
4029,,
4030,-3.75,-4.32
4031,,
4032,,
4033,127.00,222.00
4034,,
4035,19.80,19.87
4036,2.75,1.26
4037,-58.41,-57.64
4038,,
4039,,
4040,,
4041,,
4042,-34.80,-36.60
4043,6.04,10.44
4044,,
4045,,
4046,-22.03,-16.81
4047,,
4048,,
4049,,-10.98
4050,,
4051,,
4052,,
4053,17.39,3.04
4054,-24.99,-11.83
4055,,
4056,0.28,0.93
4057,"-10,274.00",425.00
4058,-8.38,-8.03
4059,,
4060,,
4061,-7.67,-1.35
4062,,
4063,-71.85,-72.70
4064,,
4065,-7.65,3.53
4066,-2.74,-1.56
4067,7.29,7.32
4068,71.25,86.71
4069,,
4070,-3.89,-3.14
4071,117.41,95.49
4072,,
4073,,
4074,-60.83,-193.40
4075,16.81,16.78
4076,-42.61,-26.55
4077,72.75,-1.56
4078,56.45,56.64
4079,-12.73,-9.22
4080,,
4081,21.27,61.31
4082,-6.27,-12.27
4083,,
4084,,
4085,18.34,20.95
4086,75.88,76.17
4087,-0.14,-0.13
4088,-0.37,-0.09
4089,-8.98,-9.07
4090,12.92,23.25
4091,,
4092,,
4093,,
4094,,
4095,-2.76,-0.35
4096,,
4097,-52.94,-44.30
4098,66.00,80.00
4099,,
4100,,
4101,-2.21,-1.92
4102,,
4103,,
4104,1.93,6.81
4105,-15.34,19.34
4106,,
4107,,
4108,,
4109,,
4110,,
4111,,
4112,"-1,316.70",-501.67
4113,,
4114,-50.12,-34.52
4115,-7.58,-8.40
4116,,
4117,,
4118,-208.48,-82.18
4119,,
4120,,
4121,385.03,494.26
4122,,
4123,,
4124,,
4125,,
4126,,
4127,,
4128,10.23,6.71
4129,,
4130,,
4131,6.94,12.41
4132,,-13.48
4133,,
4134,-18.65,-16.11
4135,6.93,26.00
4136,2.30,12.30
4137,-414.90,
4138,,0.93
4139,0.00,0.61
4140,,
4141,,
4142,,
4143,16.22,2.87
4144,,
4145,-8.46,-34.52
4146,,
4147,,
4148,,
4149,7.04,9.94
4150,3.68,11.17
4151,2.32,4.50
4152,,
4153,,-5.49
4154,-37.70,-34.16
4155,,
4156,,
4157,-17.70,-3.90
4158,-2.67,-3.14
4159,-10.10,22.70
4160,,
4161,,
4162,2.91,-1.07
4163,-3.49,1.23
4164,-47.43,-43.40
4165,-14.98,-5.00
4166,1.26,1.76
4167,-1.84,-3.82
4168,-18.95,-27.88
4169,,
4170,-8.63,-6.03
4171,,
4172,-9.61,-4.76
4173,-0.60,-1.28
4174,,
4175,-12.96,-1.45
4176,,
4177,42.47,79.52
4178,-1.19,-2.38
4179,-1.51,-1.31
4180,-87.80,-42.40
4181,-30.89,-26.31
4182,-29.36,-27.31
4183,-1.09,-1.12
4184,,
4185,0.02,-0.53
4186,-0.85,-0.25
4187,,
4188,,
4189,21.09,16.48
4190,,
4191,,
4192,,
4193,,
4194,,
4195,,
4196,-35.11,-35.39
4197,-59.43,23.24
4198,11.47,11.73
4199,-20.95,-13.82
4200,,
4201,,
4202,,
4203,,
4204,22.19,22.36
4205,"-1,233.00",-580.00
4206,,
4207,,
4208,,
4209,-1.06,-23.56
4210,,
4211,0.20,0.58
4212,,
4213,68.94,73.47
4214,,
4215,-133.00,-178.60
4216,,
4217,,
4218,,
4219,-84.54,-15.46
4220,101.93,440.78
4221,0.12,-0.12
4222,-49.02,-50.18
4223,-22.54,-3.39
4224,69.40,58.04
4225,,
4226,,
4227,-1.33,63.41
4228,39.25,39.05
4229,,
4230,,
4231,,
4232,-0.96,-1.25
4233,-7.08,-4.61
4234,,
4235,,
4236,304.51,317.12
4237,2.45,4.24
4238,,
4239,,
4240,-3.83,-5.74
4241,,
4242,6.02,8.57
4243,58.52,55.15
4244,-0.27,-0.28
4245,,
4246,,
4247,,
4248,,
4249,,
4250,,
4251,2.84,2.83
4252,,
4253,183.94,164.76
4254,-47.69,-47.17
4255,56.56,117.38
4256,,
4257,,
4258,-10.55,-10.94
4259,,
4260,,
4261,-1.05,-3.45
4262,-37.51,-30.71
4263,-35.01,-34.64
4264,5.90,5.90
4265,-0.83,-0.38
4266,74.49,92.05
4267,,
4268,,
4269,-0.60,1.66
4270,-17.63,-5.21
4271,57.65,55.90
4272,526.00,482.00
4273,,
4274,,
4275,,
4276,10.79,11.26
4277,,
4278,-18.39,-16.62
4279,,
4280,,13.01
4281,4.15,6.69
4282,34.43,32.93
4283,,
4284,-2.25,-1.70
4285,,
4286,-9.69,-9.77
4287,,
4288,,
4289,-0.64,-0.25
4290,-9.86,-6.31
4291,68.22,-48.33
4292,,
4293,54.48,54.46
4294,,
4295,,
4296,36.51,49.08
4297,-0.99,-1.15
4298,-17.41,-23.60
4299,893.06,53.42
4300,-37.39,-31.66
4301,,
4302,1.95,-0.42
4303,,
4304,-0.95,-0.25
4305,20.92,15.96
4306,13.96,2.02
4307,,
4308,0.87,1.43
4309,28.41,-20.13
4310,,
4311,,
4312,-37.95,-9.95
4313,-17.17,-17.61
4314,,
4315,59.74,57.53
4316,106.29,94.48
4317,,
4318,"2,087.06",19.93
4319,2.65,-10.87
4320,,
4321,,
4322,,
4323,3.72,3.33
4324,,
4325,0.30,3.79
4326,-17.61,-37.48
4327,,
4328,,
4329,-21.24,-11.87
4330,-30.07,-26.88
4331,,
4332,-42.85,-49.39
4333,-13.87,-6.98
4334,,
4335,,
4336,,
4337,,
4338,,
4339,,
4340,3.69,0.98
4341,50.94,76.88
4342,,
4343,,
4344,,
4345,,
4346,,
4347,1.29,-8.03
4348,,
4349,-8.14,-10.99
4350,-17.98,-18.70
4351,-3.59,-1.90
4352,-41.42,-13.34
4353,,
4354,,
4355,-10.94,-6.69
4356,,
4357,-0.10,-1.10
4358,-21.24,-18.39
4359,27.44,42.60
4360,,
4361,2.63,2.63
4362,,
4363,,
4364,8.00,7.99
4365,,
4366,-4.61,-1.34
4367,,
4368,,
4369,15.18,16.81
4370,,
4371,-33.08,-50.13
4372,-22.52,-18.57
4373,,
4374,-343.32,-383.95
4375,-8.83,15.23
4376,2.94,-0.89
4377,,
4378,,
4379,-1.93,-4.43
4380,-0.06,-0.00
4381,-6.99,-5.44
4382,-11.45,-11.77
4383,,
4384,,
4385,,
4386,,
4387,-2.14,-1.86
4388,,
4389,-14.30,0.60
4390,,
4391,-12.72,-0.66
4392,,
4393,990.76,702.29
4394,,
4395,62.07,41.65
4396,50.26,50.06
4397,,
4398,21.13,20.06
4399,66.64,36.85
4400,26.73,24.38
4401,,
4402,7.30,34.20
4403,,
4404,,
4405,,
4406,-3.76,-10.16
4407,,
4408,,
4409,15.25,33.36
4410,,
4411,13.02,13.01
4412,6.68,6.68
4413,-30.84,-32.05
4414,,
4415,13.90,51.75
4416,,
4417,,
4418,,
4419,11.31,-52.29
4420,,
4421,24.13,-41.24
4422,-6.96,-2.03
4423,,
4424,,
4425,,
4426,,
4427,,
4428,,
4429,21.56,23.73
4430,,
4431,-7.91,-16.19
4432,,
4433,,
4434,,
4435,-30.90,-6.15
4436,,
4437,,
4438,,
4439,,
4440,,
4441,8.20,2.89
4442,-2.93,-2.29
4443,,
4444,-20.64,-22.91
4445,,
4446,,
4447,201.45,198.65
4448,,
4449,,
4450,,
4451,-26.03,-22.49
4452,-6.40,-1.68
4453,-0.33,-2.20
4454,7.02,7.20
4455,47.80,152.67
4456,138.04,133.78
4457,-3.83,-1.54
4458,-15.87,-13.98
4459,,
4460,,
4461,20.65,-7.21
4462,-10.65,-14.46
4463,11.50,9.00
4464,11.45,10.18
4465,184.70,189.80
4466,57.18,54.01
4467,,
4468,14.85,20.49
4469,-1.95,-2.51
4470,,
4471,10.22,-132.57
4472,-235.24,-245.85
4473,24.71,37.50
4474,,
4475,,
4476,79.71,62.47
4477,,
4478,22.09,2.26
4479,-83.26,18.68
4480,,
4481,,
4482,47.09,47.52
4483,,
4484,13.27,10.40
4485,-48.14,-81.41
4486,,
4487,,
4488,-1.29,-1.48
4489,,
4490,9.61,-4.76
4491,22.07,23.71
4492,42.78,63.63
4493,68.30,-24.20
4494,,
4495,,
4496,,
4497,182.00,109.00
4498,,
4499,,
4500,-2.10,0.23
4501,,
4502,-293.85,-84.58
4503,,
4504,,
4505,-2.50,-2.29
4506,-12.86,-11.76
4507,,
4508,-10.81,-8.86
4509,,
4510,-17.89,4.57
4511,,
4512,-1.83,-0.06
4513,,
4514,11.65,14.14
4515,3.98,-4.52
4516,0.42,-6.25
4517,,
4518,,
4519,,
4520,,
4521,,
4522,-3.39,-5.09
4523,,
4524,,
4525,,
4526,-43.06,-6.41
4527,-0.79,5.08
4528,8.05,-0.02
4529,,
4530,-14.24,-7.51
4531,2.49,4.56
4532,,
4533,11.75,11.75
4534,,
4535,-2.34,-2.20
4536,,
4537,15.34,15.38
4538,,
4539,-28.65,-20.63
4540,-3.11,0.17
4541,-20.16,-20.44
4542,,
4543,,
4544,2.62,2.03
4545,,
4546,-13.88,-10.54
4547,2.65,-10.87
4548,,
4549,,
4550,-22.66,-24.50
4551,108.36,108.82
4552,18.25,5.89
4553,19.00,-332.00
4554,-2.86,-1.51
4555,,
4556,,
4557,-5.67,-10.86
4558,,
4559,-0.04,-0.89
4560,,
4561,9.68,61.99
4562,,
4563,,
4564,326.30,337.80
4565,53.72,22.25
4566,,
4567,-7.26,-27.27
4568,15.69,15.13
4569,-27.39,-16.88
4570,-18.61,-5.20
4571,,
4572,,
4573,,
4574,,
4575,,
4576,,
4577,-8.43,-1.45
4578,0.64,2.63
4579,,
4580,,
4581,,
4582,,
4583,,
4584,-0.61,-1.17
4585,,
4586,,
4587,,
4588,,
4589,0.34,1.27
4590,-8.74,17.83
4591,,
4592,-119.80,-166.62
4593,-2.24,-1.37
4594,,
4595,,
4596,70.58,71.41
4597,8.88,8.90
4598,32.56,32.80
4599,,
4600,,
4601,,
4602,,
4603,,
4604,,
4605,,
4606,17.65,17.63
4607,-2.49,-0.72
4608,,
4609,,
4610,,
4611,21.86,17.72
4612,-41.04,-47.01
4613,,
4614,,
4615,,
4616,,
4617,8.71,7.85
4618,-2.07,6.11
4619,,
4620,,
4621,"1,764.40","1,153.40"
4622,,
4623,,
4624,,
4625,,
4626,,
4627,-19.49,-11.02
4628,-26.68,-3.01
4629,,
4630,,
4631,,
4632,,
4633,,
4634,,
4635,-22.60,-21.97
4636,7.36,13.02
4637,"-1,251.71",529.18
4638,-0.52,1.08
4639,-21.85,-18.73
4640,3.85,19.98
4641,,
4642,0.10,2.93
4643,-4.31,-0.06
4644,-8.71,-0.79
4645,,
4646,,
4647,0.25,1.35
4648,,
4649,-2.06,-3.40
4650,,
4651,,
4652,,
4653,,
4654,-84.38,75.21
4655,,
4656,,
4657,,
4658,-6.46,-1.87
4659,25.44,39.16
4660,,
4661,,
4662,8.20,4.58
4663,,
4664,,
4665,,
4666,,
4667,-19.89,-18.98
4668,-1.66,-0.21
4669,-14.02,-10.83
4670,,
4671,,
4672,,
4673,,
4674,,
4675,,
4676,40.20,19.00
4677,-8.11,-2.47
4678,78.24,41.91
4679,,
4680,-16.02,-14.48
4681,,
4682,,
4683,,
4684,0.29,3.82
4685,777.20,815.70
4686,-13.96,-12.47
4687,,
4688,,
4689,,
4690,,-0.27
4691,-0.83,-1.72
4692,,
4693,278.83,278.93
4694,,
4695,,
4696,,
4697,,
4698,,
4699,-30.68,-39.80
4700,,
4701,,
4702,,
4703,,
4704,-17.11,-21.08
4705,10.30,152.26
4706,,
4707,,
4708,,
4709,,
4710,6.67,-0.91
4711,,
4712,-8.17,-53.20
4713,0.18,0.06
4714,,
4715,9.98,5.12
4716,,
4717,20.92,19.23
4718,,
4719,,
4720,,
4721,,
4722,,
4723,,
4724,-5.39,-18.73
4725,-8.11,-7.06
4726,-16.25,-11.64
4727,-18.26,-15.21
4728,,
4729,,
4730,,
4731,,
4732,"1,618.00","1,142.00"
4733,,
4734,,
4735,,
4736,,
4737,,
4738,82.95,51.90
4739,51.14,51.09
4740,"1,947.00","1,931.00"
4741,52.61,75.48
4742,,
4743,,
4744,,
4745,,
4746,,
4747,,
4748,,
4749,,
4750,,
4751,,
4752,-7.37,
4753,,
4754,,
4755,,
4756,-25.23,18.15
4757,-14.71,-14.38
4758,,
4759,,
4760,,
4761,,
4762,,
4763,,
4764,,
4765,,
4766,,
4767,,
4768,-2.32,-1.16
4769,,
4770,,
4771,-18.53,-23.55
4772,,
4773,,
4774,,
4775,,
4776,-9.09,-7.42
4777,,
4778,72.59,72.56
4779,,
4780,,
4781,54.76,55.32
4782,,
4783,,
4784,-12.96,-10.67
4785,3.02,3.69
4786,,
4787,,
4788,,
4789,-6.42,-5.08
4790,,
4791,-7.25,-9.79
4792,,
4793,-39.67,-33.55
4794,,
4795,,
4796,124.00,138.90
4797,,
4798,,
4799,,
4800,25.23,25.21
4801,,
4802,,
4803,,
4804,19.25,19.29
4805,,
4806,,
4807,-14.60,-18.86
4808,,
4809,-66.33,-56.27
4810,,
4811,2.50,-1.92
4812,-0.38,0.05
4813,,
4814,-6.64,-5.51
4815,691.00,978.00
4816,,
4817,-0.97,-2.48
4818,,
4819,47.62,42.87
4820,,
4821,108.62,102.31
4822,-8.27,-8.26
4823,,
4824,-8.68,-4.66
4825,,
4826,,
4827,,
4828,,-17.18
4829,1.68,-19.95
4830,,
4831,,
4832,-1.30,-2.58
4833,6.40,-0.05
4834,,
4835,,
4836,,
4837,-3.35,1.30
4838,0.68,0.59
4839,-12.94,-11.35
4840,1.50,-30.44
4841,,
4842,5.79,4.01
4843,-19.59,-0.76
4844,,
4845,,
4846,,
4847,-15.70,6.34
4848,1.77,-3.93
4849,,
4850,,
4851,,
4852,6.42,-2.71
4853,,
4854,,
4855,,
4856,,
4857,,
4858,-25.21,21.49
4859,,
4860,,
4861,,
4862,,
4863,,
4864,256.72,328.32
4865,-11.84,-10.74
4866,,
4867,9.06,9.16
4868,,
4869,,
4870,,
4871,,
4872,,
4873,,
4874,,
4875,,
4876,,
4877,1.92,-11.66
4878,,
4879,,
4880,,
4881,,
4882,,
4883,59.38,47.70
4884,,
4885,-47.42,-42.65
4886,-35.31,-52.41
4887,-1.77,-4.54
4888,,
4889,,
4890,,
4891,,
4892,,
4893,,
4894,,
4895,,
4896,,
4897,2.17,5.49
4898,,
4899,8.45,8.47
4900,2.01,7.97
4901,,
4902,-1.92,-1.68
4903,102.77,8.36
4904,,
4905,,
4906,,
4907,,
4908,,
4909,,
4910,,
4911,39.09,30.87
4912,,
4913,224.40,370.02
4914,,
4915,,
4916,0.91,-2.11
4917,,
4918,,
4919,,
4920,22.20,29.36
4921,-35.64,-39.01
4922,6.52,2.13
4923,-49.51,-29.37
4924,29.85,29.90
4925,,
4926,,
4927,,
4928,27.18,24.70
4929,,
4930,,
4931,-0.46,-0.15
4932,-2.14,-6.77
4933,,
4934,,
4935,-6.84,-7.28
4936,,
4937,62.73,63.41
4938,,
4939,1.38,1.81
4940,,
4941,,
4942,2.62,1.72
4943,0.94,-0.41
4944,,
4945,1.92,-21.52
4946,-41.24,-40.04
4947,-5.56,-5.93
4948,,
4949,,
4950,6.73,-4.16
4951,4.75,8.61
4952,,
4953,0.25,-11.63
4954,,
4955,,
4956,-9.26,-11.39
4957,,
4958,,
4959,,
4960,218.98,221.02
4961,,
4962,-5.20,-1.10
4963,4.51,4.51
4964,,
4965,3.31,3.34
4966,,
4967,,
4968,-9.59,13.75
4969,-14.32,-23.51
4970,,
4971,17.04,17.03
4972,,
4973,,
4974,-16.45,-17.83
4975,,
4976,-0.95,5.59
4977,,
4978,,
4979,29.11,37.28
4980,,
4981,13.88,17.87
4982,88.86,127.26
4983,-30.21,-26.22
4984,,
4985,,
4986,,
4987,48.74,48.70
4988,,
4989,0.08,-0.21
4990,-4.29,-3.55
4991,-9.58,-17.72
4992,,
4993,,
4994,,
4995,,
4996,,
4997,215.29,250.89
4998,,
4999,-0.58,0.81
5000,,
5001,-1.41,2.27
5002,,
5003,,
5004,473.00,-434.00
5005,,
5006,128.96,129.03
5007,87.36,87.42
5008,,
5009,1.02,1.34
5010,,
5011,,
5012,162.70,172.60
5013,,
5014,10.51,10.57
5015,,
5016,46.11,40.54
5017,,
5018,,
5019,7.89,-2.49
5020,-11.02,-19.04
5021,-9.31,-16.54
5022,0.06,1.26
5023,,
5024,,
5025,4.81,4.19
5026,,
5027,4.21,3.43
5028,,
5029,,
5030,,
5031,,
5032,,
5033,,
5034,,
5035,409.24,408.66
5036,,
5037,,
5038,8.50,5.90
5039,,
5040,8.70,12.00
5041,,
5042,,
5043,,
5044,4.39,-0.07
5045,,
5046,,
5047,,
5048,,
5049,,
5050,-7.61,-3.44
5051,-22.79,-16.90
5052,-8.80,-11.81
5053,-4.93,-3.79
5054,-5.59,-1.16
5055,,
5056,201.70,154.00
5057,-11.44,-12.71
5058,,
5059,27.31,3.99
5060,,
5061,,
5062,,
5063,851.93,66.92
5064,,
5065,,
5066,,
5067,14.88,10.48
5068,,
5069,-43.05,-20.59
5070,-2.54,-3.65
5071,311.50,-279.20
5072,,
5073,,
5074,,
5075,,
5076,,
5077,,
5078,,
5079,-11.66,-20.39
5080,,
5081,51.61,53.41
5082,,
5083,-14.91,-9.17
5084,1.32,3.76
5085,,
5086,,
5087,-4.11,-4.28
5088,1.34,0.53
5089,,
5090,,
5091,58.74,62.97
5092,,
5093,,
5094,-12.79,-7.74
5095,5.00,-11.00
5096,,
5097,-1.32,3.91
5098,,
5099,-5.86,-4.05
5100,-5.45,-4.04
5101,,
5102,-5.89,-4.14
5103,-2.03,0.06
5104,,
5105,-98.12,-65.81
5106,,
5107,-15.85,-17.48
5108,-28.40,-39.20
5109,,
5110,9.02,-12.37
5111,,
5112,,
5113,,
5114,,
5115,-1.26,-2.31
5116,,
5117,,
5118,,
5119,,
5120,-23.31,-32.95
5121,,-24.23
5122,,
5123,-17.58,-16.12
5124,,
5125,,
5126,8.99,6.35
5127,,
5128,-54.71,-79.24
5129,0.81,1.44
5130,,
5131,,
5132,-14.13,-9.04
5133,,
5134,,
5135,,
5136,7.19,-1.36
5137,13.24,5.00
5138,50.31,50.33
5139,,
5140,,
5141,-12.83,-11.78
5142,,
5143,-0.57,-6.34
5144,-3.95,0.81
5145,,
5146,-22.75,-52.97
5147,3.29,16.97
5148,,
5149,,
5150,-54.80,-1.90
5151,,
5152,13.26,19.39
5153,74.17,69.27
5154,,
5155,-64.50,-8.42
5156,,
5157,-13.24,-15.38
5158,1.47,1.47
5159,7.33,9.50
5160,,
5161,,
5162,-542.46,-183.67
5163,,
5164,110.43,61.81
5165,,
5166,,
5167,-14.04,-17.96
5168,-3.22,-2.34
5169,70.51,62.91
5170,,
5171,,
5172,,
5173,,
5174,0.68,-0.83
5175,,
5176,,
5177,,
5178,,
5179,,
5180,,
5181,-7.19,-0.38
5182,,
5183,,
5184,-18.55,-18.37
5185,-0.80,-2.50
5186,-92.83,36.74
5187,-7.95,-8.78
5188,-4.46,-4.19
5189,8.41,21.01
5190,47.67,47.69
5191,46.33,8.86
5192,,
5193,12.25,-5.64
5194,626.00,"1,198.00"
5195,,
5196,,
5197,,
5198,,
5199,,
5200,23.96,24.03
5201,,
5202,,
5203,,
5204,,
5205,,
5206,,
5207,10.21,-20.89
5208,,
5209,,
5210,65.07,67.07
5211,16.80,16.76
5212,,
5213,,
5214,,
5215,22.71,23.77
5216,,
5217,-4.57,-3.48
5218,,
5219,,
5220,,
5221,0.87,0.20
5222,,
5223,,
5224,,
5225,61.10,20.37
5226,0.84,-4.60
5227,903.00,184.00
5228,,
5229,,
5230,-8.21,-37.39
5231,10.08,8.94
5232,,
5233,57.75,57.77
5234,5.83,17.63
5235,,
5236,,
5237,43.41,105.74
5238,-81.12,-43.62
5239,,
5240,,
5241,,
5242,,
5243,-5.99,-7.80
5244,,
5245,,
5246,,
5247,,
5248,20.84,4.26
5249,1.74,1.75
5250,,
5251,,
5252,,
5253,28.00,61.00
5254,,
5255,67.28,71.90
5256,17.44,17.44
5257,,
5258,,
5259,-6.23,-38.77
5260,-0.10,0.04
5261,,
5262,2.44,2.14
5263,-95.00,-78.00
5264,,
5265,,
5266,,
5267,41.17,65.72
5268,63.76,72.03
5269,,
5270,,
5271,26.88,26.89
5272,,
5273,610.00,622.00
5274,,
5275,,
5276,,
5277,5.07,3.82
5278,,
5279,,
5280,8.28,10.51
5281,8.81,3.69
5282,,
5283,1.15,1.12
5284,0.46,1.08
5285,14.30,14.29
5286,,
5287,,
5288,,
5289,,
5290,11.29,11.31
5291,,
5292,,
5293,,
5294,,
5295,49.91,48.86
5296,-2.06,-0.81
5297,12.44,15.77
5298,,
5299,,
5300,,
5301,,
5302,,
5303,-166.25,-131.37
5304,-20.18,-19.64
5305,,
5306,-4.44,-2.24
5307,,
5308,,
5309,-1.14,-1.56
5310,,
5311,-1.35,-1.11
5312,-15.45,-22.11
5313,89.00,91.00
5314,,
5315,,
5316,,
5317,34.90,-9.16
5318,,
5319,,
5320,,
5321,-3.26,-5.12
5322,,
5323,,
5324,935.66,930.64
5325,,
5326,609.00,311.00
5327,-40.19,52.25
5328,,
5329,-26.01,-27.52
5330,,
5331,-16.25,-23.18
5332,,
5333,,
5334,-45.07,-1.12
5335,,
5336,,
5337,,
5338,,
5339,,
5340,-79.71,-589.99
5341,,
5342,,
5343,,
5344,,
5345,-0.63,1.78
5346,-28.86,-22.94
5347,,
5348,"-3,385.00","-3,879.00"
5349,,
5350,8.30,-9.40
5351,-2.40,-3.09
5352,4.79,4.48
5353,,
5354,-9.96,-10.45
5355,,
5356,-22.73,-22.67
5357,1.38,-3.65
5358,,
5359,8.02,-1.84
5360,,
5361,,
5362,,
5363,,
5364,-328.17,9.64
5365,,
5366,,
5367,,
5368,22.06,-52.85
5369,-1.93,-1.85
5370,,
5371,,
5372,,
5373,-5.22,-4.03
5374,30.70,24.00
5375,-98.23,-100.83
5376,6.11,2.81
5377,,
5378,-0.58,-0.91
5379,,
5380,,
5381,,
5382,-4.19,-54.57
5383,,
5384,1.00,3.04
5385,,
5386,-328.17,9.64
5387,,
5388,,
5389,,
5390,-2.41,-2.93
5391,-58.00,-58.90
5392,,
5393,,
5394,-40.60,9.30
5395,-8.67,-6.14
5396,-90.80,-81.02
5397,-10.58,-9.95
5398,-41.70,27.80
